상호명,도로명주소,지번주소,위도,경도
금강산노래광장,강원특별자치도 동해시 송정로 11,강원특별자치도 동해시 송정동 747,37.49526467,129.1275251
엔젤,강원특별자치도 정선군 남면 민둥산로 175-13,강원특별자치도 정선군 남면 무릉리 366-1,37.25978833,128.7920893
누베헤어,강원특별자치도 춘천시 스포츠타운길 460,강원특별자치도 춘천시 삼천동 796,37.86774398,127.7076531
공차,강원특별자치도 원주시 지정면 신지정로 211,강원특별자치도 원주시 지정면 가곡리 1350-1,37.37418887,127.8727126
행운쉼터,강원특별자치도 인제군 북면 금강로 751,강원특별자치도 인제군 북면 월학리 820-5,38.1718706,128.2070865
만월,강원특별자치도 동해시 한섬로 38,강원특별자치도 동해시 천곡동 1044-6,37.51975114,129.1079384
계곡사랑,강원특별자치도 인제군 인제읍 하추로 603,강원특별자치도 인제군 인제읍 하추리 46,38.03541642,128.3124746
회오리감자점,강원특별자치도 평창군 대관령면 경강로 5721,강원특별자치도 평창군 대관령면 횡계리 14-111,37.68515988,128.7544936
태능갈비,강원특별자치도 인제군 북면 원통로147번길 23,강원특별자치도 인제군 북면 원통리 731-11,38.12264857,128.2025335
고은헤어,강원특별자치도 원주시 봉바위길 23,강원특별자치도 원주시 무실동 1831-12,37.3317058,127.9327513
박차닭갈비,강원특별자치도 원주시 천매봉길 138,강원특별자치도 원주시 단구동 1524-7,37.32708919,127.9445473
케이비매니지먼트,강원특별자치도 원주시 양지로 64-1,강원특별자치도 원주시 반곡동 1899-5,37.32647048,127.9852263
CU강릉교동,강원특별자치도 강릉시 강릉대로121번길 6,강원특별자치도 강릉시 교동 964-6,37.75659736,128.8836512
황금룡문막,강원특별자치도 원주시 문막읍 문막시장1길 52-14,강원특별자치도 원주시 문막읍 문막리 241-9,37.30632215,127.8150801
강원개발부동산컨설팅,강원특별자치도 고성군 토성면 토성로 19,강원특별자치도 고성군 토성면 봉포리 19,38.24922247,128.5668866
발리노래궁,강원특별자치도 동해시 대학로 10,강원특별자치도 동해시 천곡동 1064,37.52126459,129.1137189
돼지꿈꾼날,강원특별자치도 삼척시 원덕읍 삼척로 424,강원특별자치도 삼척시 원덕읍 호산리 257-1,37.17539739,129.3369442
서화아트,강원특별자치도 춘천시 스무숲1길 32-15,강원특별자치도 춘천시 석사동 913-5,37.84941531,127.7499509
시크릿,강원특별자치도 화천군 상서면 다파로 34,강원특별자치도 화천군 상서면 다목리 512-4,38.17512386,127.5372587
올리브펜션,강원특별자치도 춘천시 남면 바깥말길 115-16,강원특별자치도 춘천시 남면 한덕리 367-22,37.68269447,127.6213532
먹자골,강원특별자치도 춘천시 춘천로281번길 6,강원특별자치도 춘천시 후평동 686,37.88100245,127.7443648
대관령진흥사업단,강원특별자치도 평창군 대관령면 올림픽로 108-7,강원특별자치도 평창군 대관령면 횡계리 345-62,37.66986719,128.7038051
젊은부자,강원특별자치도 강릉시 보래미하길65번길 4,강원특별자치도 강릉시 포남동 1058-5,37.77512642,128.9126703
선인상사홍천강주유소춘천방향,강원특별자치도 홍천군 북방면 도사곡길 223,강원특별자치도 홍천군 북방면 소매곡리 294,37.71307142,127.8262783
팀크로우,강원특별자치도 원주시 판부면 오성마을길 83,강원특별자치도 원주시 판부면 서곡리 2003-1,37.32016089,127.9473505
하얏트모텔,강원특별자치도 강릉시 해안로 541,강원특별자치도 강릉시 안현동 857-5,37.80702758,128.9026377
세운세무법인천곡지점,강원특별자치도 동해시 천곡로 68,강원특별자치도 동해시 천곡동 1076,37.52327347,129.1128098
패션클러스터,강원특별자치도 춘천시 신북읍 맥국길 252-13,강원특별자치도 춘천시 신북읍 유포리 235,37.95350165,127.776806
비알호텔,강원특별자치도 강릉시 중앙시장3길 15-4,강원특별자치도 강릉시 성남동 110-5,37.75152613,128.8965728
프로포즈,강원특별자치도 원주시 장미공원길 22,강원특별자치도 원주시 단계동 842-4,37.34721401,127.9328504
투나잇,강원특별자치도 강릉시 경강로2234번길 7,강원특별자치도 강릉시 포남동 1005-364,37.76306125,128.908073
샹그릴라펜션,강원특별자치도 정선군 남면 광락로 286,강원특별자치도 정선군 남면 낙동리 467-15,37.31442009,128.6963825
써니골프아카데미,강원특별자치도 원주시 현충로 282,강원특별자치도 원주시 태장동 1038-3,37.37852682,127.9494439
칠성유통,강원특별자치도 화천군 상서면 영서로 7822,강원특별자치도 화천군 상서면 산양리 1048-8,38.21447193,127.659074
아리랑산촌식당,강원특별자치도 정선군 신동읍 매화동길 164,강원특별자치도 정선군 신동읍 방제리 168-3,37.23222187,128.7023763
퀸룸클럽,강원특별자치도 고성군 거진읍 거진길 50,강원특별자치도 고성군 거진읍 거진리 265-33,38.44805146,128.4556513
푸라닭춘천,강원특별자치도 춘천시 퇴계로145번길 7-13,강원특별자치도 춘천시 퇴계동 1124,37.86041102,127.7349008
살롱드현정,강원특별자치도 원주시 시청로 471-24,강원특별자치도 원주시 관설동 1737-3,37.31839995,127.960891
한자루체험농원휴앤아크,강원특별자치도 인제군 기린면 방동약수로 68,강원특별자치도 인제군 기린면 방동리 68-3,37.94679184,128.3885141
뽕마루,강원특별자치도 고성군 간성읍 간성로67번길 6,강원특별자치도 고성군 간성읍 하리 31-7,38.37905728,128.4671215
인구시장,강원특별자치도 양양군 현남면 인구길 28-19,강원특별자치도 양양군 현남면 인구리 640-1,37.96805051,128.7618408
펀북스,강원특별자치도 원주시 만대로 55,강원특별자치도 원주시 무실동 1719,37.34025942,127.9214577
케이에스코스메틱,강원특별자치도 춘천시 중앙로 16,강원특별자치도 춘천시 요선동 4-9,37.88337322,127.7287365
더리싸이클,강원특별자치도 춘천시 동내면 대룡산길 42-19,강원특별자치도 춘천시 동내면 사암리 1218,37.83969598,127.7644357
카페아지,강원특별자치도 속초시 설악산로 263-6,강원특별자치도 속초시 도문동 769-2,38.16342075,128.5784662
베스파유통,강원특별자치도 원주시 시청로 88,강원특별자치도 원주시 무실동 1644,37.33505405,127.9262255
휠라스포츠,강원특별자치도 원주시 원일로 96,강원특별자치도 원주시 중앙동 115-1,37.34897963,127.9499039
오슈,강원특별자치도 홍천군 홍천읍 송학로3길 21,강원특별자치도 홍천군 홍천읍 연봉리 286-4,37.68499174,127.873714
네일뉴스,강원특별자치도 원주시 금불1길 6-5,강원특별자치도 원주시 단계동 828-5,37.34816921,127.9328834
하수구119,강원특별자치도 원주시 개봉길 16,강원특별자치도 원주시 개운동 384-52,37.342395,127.9561948
숨은밥집,강원특별자치도 정선군 정선읍 비봉로 54-1,강원특별자치도 정선군 정선읍 봉양리 345-3,37.38106044,128.6642856
루나뷰티,강원특별자치도 원주시 지정면 가곡로 120,강원특별자치도 원주시 지정면 가곡리 1525,37.38156211,127.8747553
제이제이당구클럽,강원특별자치도 화천군 화천읍 중앙로 10-3,강원특별자치도 화천군 화천읍 하리 44-32,38.10464972,127.7052065
금강산장콘도텔,강원특별자치도 인제군 서화면 천도로 96,강원특별자치도 인제군 서화면 천도리 601-4,38.22084616,128.2080589
루나인,강원특별자치도 양양군 강현면 뒷나루1길 5,강원특별자치도 양양군 강현면 전진리 71-8,38.12794778,128.6228066
홍천해물찜,강원특별자치도 홍천군 홍천읍 연봉로9길 4,강원특별자치도 홍천군 홍천읍 연봉리 479-1,37.68148213,127.8780169
동미기획,강원특별자치도 동해시 평원5길 6-6,강원특별자치도 동해시 평릉동 486-8,37.52926591,129.1184765
원조남원주가든,강원특별자치도 원주시 은행정길 78,강원특별자치도 원주시 무실동 830-16,37.31362495,127.92531
필그린인카운터춘천동부지사,강원특별자치도 춘천시 옛경춘로 446,강원특별자치도 춘천시 칠전동 233,37.84407674,127.7051787
원샷,강원특별자치도 속초시 만천1길 7,강원특별자치도 속초시 교동 760-4,38.19841249,128.5752151
이모네한식,강원특별자치도 춘천시 후석로393번길 32,강원특별자치도 춘천시 후평동 847-7,37.88403694,127.7434562
백도가면,강원특별자치도 고성군 죽왕면 문암항길 65,강원특별자치도 고성군 죽왕면 문암진리 10-37,38.30320615,128.5463718
알짜부동산공인중개사사무소,강원특별자치도 춘천시 충열로 18,강원특별자치도 춘천시 우두동 1065-2,37.89989197,127.7300176
로벨리아네일,강원특별자치도 원주시 평원초교길 32-3,강원특별자치도 원주시 단계동 811-4,37.35030473,127.9326783
픽쳐스트,강원특별자치도 원주시 흥양로102번길 22,강원특별자치도 원주시 태장동 551,37.38153972,127.9575723
반딧불,강원특별자치도 철원군 동송읍 태봉로 2644-2,강원특별자치도 철원군 동송읍 오덕리 821-10,38.22826954,127.2174235
쓰리랑PC방,강원특별자치도 인제군 북면 원통로174번길 8-2,강원특별자치도 인제군 북면 원통리 709-6,38.12195209,128.2041055
강남교자,강원특별자치도 홍천군 서면 한치골길 262,강원특별자치도 홍천군 서면 팔봉리 1278-11,37.65232374,127.6872729
퇴계주유소,강원특별자치도 춘천시 퇴계로 25,강원특별자치도 춘천시 퇴계동 1162-1,37.86598354,127.7249245
황토집,강원특별자치도 인제군 인제읍 비봉로 31-1,강원특별자치도 인제군 인제읍 상동리 253,38.06691293,128.1744692
돼지좋아,강원특별자치도 횡성군 둔내면 경강로둔방6길 8,강원특별자치도 횡성군 둔내면 둔방내리 593-1,37.51277165,128.2127855
바보펜션,강원특별자치도 삼척시 근덕면 용화길 30,강원특별자치도 삼척시 근덕면 용화리 231-3,37.29021843,129.3015088
어면먹자,강원특별자치도 속초시 동해대로 4137,강원특별자치도 속초시 조양동 1500-4,38.1892718,128.5816843
광목사랑,강원특별자치도 동해시 동해항1길 27,강원특별자치도 동해시 송정동 851-31,37.49867464,129.12899
제이모터스,강원특별자치도 동해시 동해대로 5950,강원특별자치도 동해시 초구동 8-12,37.57009076,129.0994126
호두펜션,강원특별자치도 홍천군 서면 한치골길813번길 22-5,강원특별자치도 홍천군 서면 팔봉리 1142,37.68345776,127.6950787
유정부동산공인중개사사무소,강원특별자치도 춘천시 신동면 김유정로 1417,강원특별자치도 춘천시 신동면 증리 938-2,37.81788122,127.715176
망고숲,강원특별자치도 홍천군 내촌면 어은동길 19,강원특별자치도 홍천군 내촌면 화상대리 723-15,37.8052409,128.0477165
뽀끼뽀끼오락실,강원특별자치도 동해시 한섬로 111-2,강원특별자치도 동해시 천곡동 860,37.52164263,129.1156703
힐탑,강원특별자치도 강릉시 옥가로 26,강원특별자치도 강릉시 옥천동 285-1,37.75852187,128.8996193
바다애,강원특별자치도 춘천시 동면 금옥길 26,강원특별자치도 춘천시 동면 지내리 321-1,37.91692638,127.7849463
더윤헤어살롱,강원특별자치도 원주시 시청로 494-18,강원특별자치도 원주시 관설동 1785-7,37.31473256,127.9613668
동주공인중개사사무소,강원특별자치도 철원군 철원읍 금학로 258,강원특별자치도 철원군 철원읍 화지리 40-89,38.21138674,127.2162455
더슬기로운생활,강원특별자치도 춘천시 공지로252번길 9,강원특별자치도 춘천시 효자동 320-3,37.86505512,127.736589
홍천산천마을,강원특별자치도 홍천군 화촌면 도광터길 115,강원특별자치도 홍천군 화촌면 군업리 1326-9,37.70765478,128.0534947
영웅이되다,강원특별자치도 원주시 아랫거름터길 28,강원특별자치도 원주시 행구동 530-8,37.35253161,127.9997938
다맥인제솔라,강원특별자치도 인제군 기린면 한석산로 3077-17,강원특별자치도 인제군 기린면 현리 557-2,37.97657924,128.3326911
피에이티원주,강원특별자치도 원주시 중앙로 105,강원특별자치도 원주시 중앙동 109-1,37.34946654,127.9506373
화로상회,강원특별자치도 원주시 나비허리길 37,강원특별자치도 원주시 단구동 1607-8,37.32451737,127.9575253
필라테슈,강원특별자치도 원주시 건강로 23,강원특별자치도 원주시 반곡동 1913-2,37.32532636,127.9878218
모모,강원특별자치도 원주시 무실로 23,강원특별자치도 원주시 일산동 20-2,37.34786195,127.9491936
마미쿡,강원특별자치도 춘천시 춘주로 162,강원특별자치도 춘천시 퇴계동 916-2,37.85767934,127.7263418
까사미아에몬스아르마니가구,강원특별자치도 동해시 단실가원1길 1,강원특별자치도 동해시 단봉동 696-1,37.47639663,129.1190109
양지막국수,강원특별자치도 강릉시 안현로 30,강원특별자치도 강릉시 안현동 793-3,37.79992679,128.8642955
원주자동차유리오토글라스,강원특별자치도 원주시 우무개로 1,강원특별자치도 원주시 우산동 96-1,37.36451,127.9396539
정관장,강원특별자치도 화천군 화천읍 중앙로 12-1,강원특별자치도 화천군 화천읍 하리 44-42,38.10449709,127.7054238
리치,강원특별자치도 원주시 미래로 1,강원특별자치도 원주시 반곡동 1899-2,37.32601981,127.9843463
오페라댄스,강원특별자치도 강릉시 옥가로 14,강원특별자치도 강릉시 옥천동 160-1,37.75759633,128.8992903
스톤나인,강원특별자치도 횡성군 강림면 강림길 17-14,강원특별자치도 횡성군 강림면 강림리 1338-11,37.36606342,128.1249081
강원푸드컨설팅,강원특별자치도 원주시 양지로 80,강원특별자치도 원주시 반곡동 1903-2,37.32798447,127.9861852
미진인테리어,강원특별자치도 강릉시 토성로 174,강원특별자치도 강릉시 임당동 19-30,37.75639349,128.8951449
미앤미뷰티,강원특별자치도 강릉시 옥천로 49,강원특별자치도 강릉시 옥천동 284,37.75932847,128.9001852
후,강원특별자치도 삼척시 근덕면 장호항길 136,강원특별자치도 삼척시 근덕면 장호리 1-5,37.28931165,129.3183081
일출물빛,강원특별자치도 삼척시 원덕읍 신남길 41,강원특별자치도 삼척시 원덕읍 갈남리 492-5,37.26557429,129.3250757
미젤,강원특별자치도 춘천시 후석로 269,강원특별자치도 춘천시 후평동 838-6,37.87548701,127.7522612
스카이24시편의점,강원특별자치도 삼척시 테마타운길 85,강원특별자치도 삼척시 갈천동 14-24,37.46839492,129.167479
씨즐,강원특별자치도 강릉시 경강로 2668,강원특별자치도 강릉시 견소동 7,37.7705861,128.9501853
가나안떡집,강원특별자치도 속초시 만천2길 13-1,강원특별자치도 속초시 교동 764-43,38.1985366,128.5756271
로즈아로마,강원특별자치도 속초시 청학로 16,강원특별자치도 속초시 청학동 482-382,38.20113649,128.5837197
대게왕국민박,강원특별자치도 강릉시 주문진읍 해안로 1789-1,강원특별자치도 강릉시 주문진읍 주문리 372-5,37.89448033,128.8302786
푸른숲,강원특별자치도 원주시 천매봉길 32-15,강원특별자치도 원주시 단구동 1550-3,37.32349317,127.9433426
영란헤어샵,강원특별자치도 영월군 영월읍 중리1길 108,강원특별자치도 영월군 영월읍 덕포리 505-11,37.18163465,128.4821484
그린산업,강원특별자치도 동해시 효자남1길 4,강원특별자치도 동해시 동회동 64-5,37.48973865,129.1087614
터미널천궁단란주점,강원특별자치도 강릉시 원대로 6,강원특별자치도 강릉시 교동 1743-1,37.7550695,128.8819308
호텔느낌속초,강원특별자치도 속초시 온천로 313,강원특별자치도 속초시 교동 988-4,38.19335929,128.5767964
CU양양,강원특별자치도 양양군 양양읍 양양로 44,강원특별자치도 양양군 양양읍 남문리 11-2,38.07641519,128.6238169
한우구이,강원특별자치도 철원군 서면 와수로 177-1,강원특별자치도 철원군 서면 와수리 1173-3,38.23945546,127.4386207
탑플레이스피씨방문막점,강원특별자치도 원주시 문막읍 왕건로 22,강원특별자치도 원주시 문막읍 동화리 1267,37.32199842,127.8310526
한국공예디자인협회에덴카페,강원특별자치도 원주시 구곡길 21-8,강원특별자치도 원주시 단구동 1572-10,37.32189141,127.9482069
눈꽃가츠,강원특별자치도 화천군 화천읍 중앙로4길 21-6,강원특별자치도 화천군 화천읍 하리 52-17,38.10346986,127.7053823
떡있는마을,강원특별자치도 춘천시 영서로 2793,강원특별자치도 춘천시 우두동 742-1,37.90188636,127.7274632
비전공인중개사사무소,강원특별자치도 철원군 서면 와수로 157-1,강원특별자치도 철원군 서면 와수리 1140-32,38.23789116,127.4374448
포차천국,강원특별자치도 춘천시 성심로 9,강원특별자치도 춘천시 교동 156-4,37.882749,127.7395954
뷰티메이드,강원특별자치도 원주시 지정면 신지정로 255,강원특별자치도 원주시 지정면 가곡리 1468,37.37648177,127.8682148
피자헐,강원특별자치도 홍천군 홍천읍 신장대로 53,강원특별자치도 홍천군 홍천읍 희망리 325-12,37.69046089,127.8821522
스테이캠프펜션,강원특별자치도 평창군 봉평면 흥정계곡1길 9-2,강원특별자치도 평창군 봉평면 흥정리 253-1,37.63325428,128.3491241
태봉인테리어,강원특별자치도 강릉시 운정길11번길 80-9,강원특별자치도 강릉시 난곡동 391-8,37.78752385,128.8735175
타코잉닭,강원특별자치도 춘천시 후석로258번길 28,강원특별자치도 춘천시 후평동 811-3,37.87449403,127.755686
해맞이모텔,강원특별자치도 강릉시 강동면 율곡로 1847-21,강원특별자치도 강릉시 강동면 안인진리 116-4,37.73258844,128.9887372
초록민박,강원특별자치도 강릉시 연곡면 진고개로 1612-10,강원특별자치도 강릉시 연곡면 퇴곡리 592-5,37.84665379,128.7150833
금학퇴비,강원특별자치도 철원군 갈말읍 호국로 4394,강원특별자치도 철원군 갈말읍 강포리 81-20,38.11722813,127.2931599
여우네손뜨개방,강원특별자치도 춘천시 약사고개길 13,강원특별자치도 춘천시 죽림동 11-4,37.8774833,127.7260526
동해썬팅,강원특별자치도 동해시 동해대로 5064,강원특별자치도 동해시 효가동 275-3,37.49816052,129.1109894
꼭지네식당,강원특별자치도 강릉시 강동면 대동안길 15,강원특별자치도 강릉시 강동면 안인리 558-50,37.72563246,128.9779476
블루스카이레포츠,강원특별자치도 춘천시 남산면 북한강변길 688,강원특별자치도 춘천시 남산면 백양리 29-7,37.83013203,127.5787958
합자회사건축사사무소디자인그룹아키토피아,강원특별자치도 철원군 갈말읍 삼부연로 46,강원특별자치도 철원군 갈말읍 신철원리 648-1,38.14600584,127.312996
아워홈근로복지공단정,강원특별자치도 정선군 정선읍 봉양1길 145,강원특별자치도 정선군 정선읍 봉양리 410-3,37.38325441,128.6602962
양리단길컴퍼니,강원특별자치도 양양군 현남면 인구길 28-21,강원특별자치도 양양군 현남면 인구리 638-1,37.96833822,128.7619348
참참참그래픽,강원특별자치도 춘천시 춘주로 89,강원특별자치도 춘천시 온의동 515-3,37.86223229,127.7198469
황조매점,강원특별자치도 삼척시 도계읍 황조길 46,강원특별자치도 삼척시 도계읍 황조리 155,37.20968169,129.0850137
핏앤피트니스기업도시점,강원특별자치도 원주시 지정면 신지정로 172,강원특별자치도 원주시 지정면 가곡리 1349-2,37.3744464,127.8776577
지에스25인제갯골점,강원특별자치도 인제군 인제읍 인제로 103,강원특별자치도 인제군 인제읍 남북리 379-1,38.06371149,128.1639543
아이블링,강원특별자치도 원주시 관설안길 19-12,강원특별자치도 원주시 관설동 1730-7,37.31721081,127.9619071
돌집쌈밥,강원특별자치도 화천군 간동면 춘양로 924,강원특별자치도 화천군 간동면 간척리 682-1,38.02851381,127.8206381
세븐일레븐연곡삼우,강원특별자치도 강릉시 연곡면 연주로 132,강원특별자치도 강릉시 연곡면 영진리 305-2,37.86777815,128.8386623
선복티테라피,강원특별자치도 강릉시 홍제로71번길 6,강원특별자치도 강릉시 홍제동 219-37,37.75397494,128.8837108
구쓰헤어,강원특별자치도 양양군 양양읍 양양로 74-1,강원특별자치도 양양군 양양읍 남문리 86-4,38.07497928,128.6210464
정희네,강원특별자치도 정선군 임계면 서동로 5928,강원특별자치도 정선군 임계면 직원리 523-8,37.5334892,128.9444309
명성반점솔올점,강원특별자치도 강릉시 하슬라로 129,강원특별자치도 강릉시 교동 1907-3,37.76169351,128.8732591
더플래닝,강원특별자치도 홍천군 북방면 노일로38번길 86,강원특별자치도 홍천군 북방면 노일리 592-1,37.67479298,127.7417976
디자인소선길,강원특별자치도 춘천시 가연길 17,강원특별자치도 춘천시 소양로4가 103-11,37.87796808,127.7214583
알트케이셀렉션미디어,강원특별자치도 원주시 양지로 20,강원특별자치도 원주시 반곡동 1880-9,37.32446039,127.9810066
춘천제일식자재,강원특별자치도 춘천시 옛경춘로 742,강원특별자치도 춘천시 삼천동 67-4,37.86392413,127.7078614
미래공인중개사사무소,강원특별자치도 철원군 서면 와수로 85-1,강원특별자치도 철원군 서면 와수리 1344-3,38.2322326,127.4335933
자담치킨단관,강원특별자치도 원주시 단관초교길 9,강원특별자치도 원주시 관설동 1713-1,37.31752731,127.9655174
정원농원,강원특별자치도 원주시 소초면 치악로 2838,강원특별자치도 원주시 소초면 평장리 854,37.421331,128.0039965
아리아나프라워,강원특별자치도 강릉시 주문진읍 장성로 45,강원특별자치도 강릉시 주문진읍 교항리 193-20,37.88827124,128.8253203
블룸청과,강원특별자치도 춘천시 충혼길52번길 19-18,강원특별자치도 춘천시 온의동 535-7,37.86009206,127.7178434
북촌손만두,강원특별자치도 강릉시 임영로 122,강원특별자치도 강릉시 성내동 8-5,37.75258487,128.8936011
퇴계닭갈비,강원특별자치도 춘천시 남춘로5번길 16,강원특별자치도 춘천시 퇴계동 1170-6,37.86286472,127.7282661
빌텍당구장,강원특별자치도 원주시 감영길 37,강원특별자치도 원주시 중앙동 126-2,37.34826838,127.9514169
쿠프만153,강원특별자치도 춘천시 서부대성로 241,강원특별자치도 춘천시 효자동 632-1,37.87281307,127.7448136
오월애만두전골,강원특별자치도 춘천시 후석로258번길 18,강원특별자치도 춘천시 후평동 817-1,37.87448239,127.7544243
세진한우실비,강원특별자치도 삼척시 도계읍 도계로 290-9,강원특별자치도 삼척시 도계읍 도계리 390-6,37.23513765,129.0449086
윈네트웍스,강원특별자치도 동해시 발한로 42,강원특별자치도 동해시 부곡동 87,37.53645644,129.1040895
해바라기,강원특별자치도 홍천군 홍천읍 공작산로 47,강원특별자치도 홍천군 홍천읍 갈마곡리 193,37.69186336,127.8980701
스크린다함께야구왕,강원특별자치도 화천군 사내면 사내로5길 9,강원특별자치도 화천군 사내면 사창리 457-75,38.07085106,127.5210827
굿초이스,강원특별자치도 태백시 먹거리길 102,강원특별자치도 태백시 황지동 253-9,37.17412251,128.9895206
강가애금빛펜션,강원특별자치도 영월군 한반도면 화랏길 282-25,강원특별자치도 영월군 한반도면 신천리 705-2,37.22897611,128.3075498
고향닭갈비,강원특별자치도 홍천군 홍천읍 신장대로 58,강원특별자치도 홍천군 홍천읍 희망리 326-9,37.69025416,127.8826628
정선애장어먹으러와요,강원특별자치도 정선군 북평면 장열길 13,강원특별자치도 정선군 북평면 북평리 43-1,37.45660805,128.675307
예가,강원특별자치도 춘천시 영서로2279번길 30,강원특별자치도 춘천시 온의동 515-1,37.86260165,127.7198228
장작블루스,강원특별자치도 원주시 백간공원길 15,강원특별자치도 원주시 단계동 1099-3,37.34930071,127.9263244
그리운언덕,강원특별자치도 홍천군 북방면 벌업길85번길 40-2,강원특별자치도 홍천군 북방면 원소리 398,37.71250004,127.7491413
넘버85가든,강원특별자치도 평창군 평창읍 노성로 225-19,강원특별자치도 평창군 평창읍 중리 151-6,37.36984777,128.4034372
피그놀리아커피,강원특별자치도 강릉시 난설헌로 195,강원특별자치도 강릉시 초당동 336,37.79099413,128.9114008
장성여고매점,강원특별자치도 태백시 일광마을길 8-12,강원특별자치도 태백시 문곡동 33-7,37.12630886,129.0056996
야구장,강원특별자치도 원주시 북원로 2235-6,강원특별자치도 원주시 단계동 853-5,37.34575349,127.9315988
그린차와호프,강원특별자치도 철원군 서면 와수로 167-2,강원특별자치도 철원군 서면 와수리 1140-9,38.23872281,127.4380209
샬롬신발,강원특별자치도 동해시 시장안길 26-2,강원특별자치도 동해시 발한동 13-11,37.5505073,129.1085067
산골보리굴비,강원특별자치도 인제군 북면 백담로 57,강원특별자치도 인제군 북면 용대리 603,38.19566341,128.3488125
엉클스톤,강원특별자치도 양양군 현남면 인구길 48-1,강원특별자치도 양양군 현남면 인구리 636-8,37.96852129,128.7614928
새마을공방,강원특별자치도 양양군 양양읍 남문5길 5-3,강원특별자치도 양양군 양양읍 남문리 22-1,38.07509721,128.6225975
함백산실비식당,강원특별자치도 정선군 고한읍 고한로 95-2,강원특별자치도 정선군 고한읍 고한리 85-21,37.20491392,128.8489019
고식당,강원특별자치도 고성군 토성면 교암길 80,강원특별자치도 고성군 토성면 교암리 3-4,38.29229995,128.5454326
바다회포차,강원특별자치도 강릉시 주문진읍 주문북로 15,강원특별자치도 강릉시 주문진읍 주문리 289-11,37.89623218,128.8310032
신화텔레콤,강원특별자치도 원주시 시청로 559,강원특별자치도 원주시 관설동 1709-1,37.31744695,127.9681575
강릉한우원,강원특별자치도 강릉시 옥천로65번길 3,강원특별자치도 강릉시 옥천동 278-10,37.75948535,128.8985188
다짐,강원특별자치도 강릉시 솔올로5번길 7,강원특별자치도 강릉시 교동 1889-1,37.76258779,128.876595
바지야,강원특별자치도 속초시 동해대로 4236,강원특별자치도 속초시 교동 737-7,38.19777057,128.5775048
해변민박,강원특별자치도 고성군 토성면 토성로 48,강원특별자치도 고성군 토성면 봉포리 2,38.25170141,128.5666202
치킨인류내곡,강원특별자치도 강릉시 관대길 33,강원특별자치도 강릉시 내곡동 618-5,37.73922957,128.877091
춘천지역먹거리통합지원센터,강원특별자치도 춘천시 마장길 39,강원특별자치도 춘천시 사농동 133-1,37.90984117,127.7269335
춘천녹색시민협동조합,강원특별자치도 춘천시 동내면 거두택지길26번길 16-10,강원특별자치도 춘천시 동내면 거두리 960-5,37.85278549,127.7543827
일등공인중개사사무소,강원특별자치도 속초시 온정로1길 30,강원특별자치도 속초시 조양동 1569,38.18669314,128.5892892
원주서가앤쿡,강원특별자치도 원주시 양지로 26,강원특별자치도 원주시 반곡동 1880-10,37.32459565,127.9815933
뻔뻔한망상협동조합,강원특별자치도 동해시 동해대로 6270-27,강원특별자치도 동해시 망상동 393-77,37.59342109,129.0894173
솔밭펜션,강원특별자치도 양양군 서면 용소길 162,강원특별자치도 양양군 서면 용소리 16,38.02804079,128.5593917
아저씨네닭도리탕,강원특별자치도 강릉시 가작로 304,강원특별자치도 강릉시 포남동 1235-6,37.77069855,128.9085069
백파식당,대전광역시 서구 청사로123번길 33,대전광역시 서구 월평동 261,36.36130637,127.3772954
줄또웰빙,대전광역시 동구 동서대로 1641,대전광역시 동구 용전동 145-5,36.34809056,127.4327043
정성약국,대전광역시 중구 계백로 1600,대전광역시 중구 유천동 185-1,36.31822394,127.3978847
다비치안경원,대전광역시 동구 중앙로 198,대전광역시 동구 중동 92-1,36.33039163,127.4311619
베리도넛,대전광역시 동구 수향길 97,대전광역시 동구 소제동 299-86,36.33588126,127.4370815
씨유,대전광역시 서구 만년남로3번길 25,대전광역시 서구 만년동 213,36.36531512,127.3752242
놀다방코인노래연습장,대전광역시 대덕구 비래서로 65,대전광역시 대덕구 비래동 142-6,36.35441522,127.4515551
초심대전둔산,대전광역시 서구 둔산남로 96,대전광역시 서구 탄방동 711,36.34872749,127.3882581
힐헤어끌림,대전광역시 중구 동서대로1421번길 43,대전광역시 중구 중촌동 412-3,36.33645426,127.4119582
다솜,대전광역시 중구 계백로 1719,대전광역시 중구 오류동 154-4,36.32220714,127.4104726
속푸리해장국,대전광역시 서구 도마로 45,대전광역시 서구 변동 56-8,36.32253279,127.3752206
나비정원,대전광역시 서구 탄방로7번길 51,대전광역시 서구 탄방동 1017,36.34628293,127.3931345
클린몽윈도우케어,대전광역시 유성구 현충원로347번길 45-9,대전광역시 유성구 구암동 658-4,36.36020355,127.3078967
마테호른,대전광역시 중구 수침로 97,대전광역시 중구 태평동 339-88,36.32805311,127.3989786
달시아이스크림세계과자,대전광역시 유성구 노은동로87번길 47-22,대전광역시 유성구 노은동 535-10,36.36796017,127.3215013
김재완원조돼지김치구이,대전광역시 유성구 은구비서로3번길 35,대전광역시 유성구 지족동 907-17,36.37347444,127.3196815
용운태평양약국,대전광역시 동구 백룡로 145,대전광역시 동구 용운동 451-15,36.32800309,127.4543131
대천수산,대전광역시 중구 대종로334번길 29,대전광역시 중구 부사동 97-19,36.3161704,127.435085
세븐대전도안우리점,대전광역시 서구 원도안로179번길 76-3,대전광역시 서구 도안동 1256,36.31869021,127.3443245
카페한가로와대전,대전광역시 중구 보문로254번길 36,대전광역시 중구 대흥동 460-1,36.32586072,127.4241335
주은정육점,대전광역시 유성구 관평2로 34,대전광역시 유성구 관평동 925,36.42361631,127.389132
큐어,대전광역시 유성구 테크노1로 12-22,대전광역시 유성구 관평동 1342,36.43010643,127.387609
에듀아이원,대전광역시 서구 원도안로179번길 23-9,대전광역시 서구 도안동 1316,36.31899032,127.3431749
팔구포차,대전광역시 서구 둔지로 12,대전광역시 서구 둔산동 1065,36.35072849,127.3760984
깨끗한친구들,대전광역시 대덕구 오정로23번길 16,대전광역시 대덕구 오정동 369-18,36.34934759,127.4130645
바비샵,대전광역시 대덕구 비래동로 1,대전광역시 대덕구 비래동 125-6,36.35439488,127.4490929
선진환경,대전광역시 대덕구 오정로63번길 12,대전광역시 대덕구 오정동 324-10,36.35210001,127.4101359
샤론미용실,대전광역시 중구 유천로132번길 31-17,대전광역시 중구 태평동 329-11,36.32529334,127.3968057
라하잉글리시대전열매영어교습소,대전광역시 유성구 노은로 174,대전광역시 유성구 지족동 901-3,36.37520676,127.3184405
쓰임오피스,대전광역시 서구 정림동로7번길 22,대전광역시 서구 정림동 610,36.30553392,127.366426
꽃돼지전국꽃배달,대전광역시 중구 용두로28번길 32,대전광역시 중구 용두동 56-157,36.32783883,127.4102409
베스트영수학원,대전광역시 동구 계족로 358,대전광역시 동구 성남동 166-157,36.34402454,127.4343158
살롱9헤어,대전광역시 서구 가장로 63,대전광역시 서구 괴정동 86-3,36.33670267,127.3825819
동화공인중개사사무소,대전광역시 동구 성동로 74,대전광역시 동구 자양동 201,36.34239275,127.451606
해남해산물,대전광역시 서구 복수남로 29,대전광역시 서구 복수동 758,36.29797088,127.3781554
빙글빙글,대전광역시 대덕구 신탄진로790번길 38,대전광역시 대덕구 신탄진동 157-2,36.44828752,127.431998
둔곡지구과학벨트공인중개사사무소,대전광역시 유성구 과학누리2길 6,대전광역시 유성구 구룡동 766-3,36.45075086,127.3595801
이리,대전광역시 중구 선화서로 51,대전광역시 중구 선화동 407-1,36.32821815,127.4177562
서진낚시,대전광역시 동구 옥천로 204-1,대전광역시 동구 판암동 351-39,36.318191,127.4628454
네일데이,대전광역시 유성구 관평1로 15,대전광역시 유성구 관평동 890,36.42589462,127.3870176
메가엠지씨커피대전가,대전광역시 서구 도안동로11번길 45,대전광역시 서구 도안동 1774,36.3054399,127.3505819
더예뻐네일,대전광역시 대덕구 동춘당로114번길 9,대전광역시 대덕구 송촌동 445-4,36.36700681,127.4382169
카페나무,대전광역시 서구 탄방로7번길 147,대전광역시 서구 탄방동 1172,36.34867529,127.3957118
뒷돈,대전광역시 유성구 봉산로22번길 3,대전광역시 유성구 봉산동 208-8,36.43580082,127.3873301
트레몰로대전터미널이마트,대전광역시 동구 동서대로 1689,대전광역시 동구 용전동 63-3,36.35030851,127.4366991
퀄리티,대전광역시 유성구 대학로 8,대전광역시 유성구 봉명동 551-14,36.35428675,127.3421766
루미헤어샵,대전광역시 서구 가수원로65번길 3,대전광역시 서구 가수원동 777-19,36.30004447,127.3511499
후라이드참잘하는집,대전광역시 서구 도솔로 135-1,대전광역시 서구 도마동 34-5,36.32280371,127.3736035
코코네키친,대전광역시 서구 관저서로 24,대전광역시 서구 관저동 1154-2,36.29450619,127.3306994
탑모텔,대전광역시 서구 계룡로636번길 15,대전광역시 서구 용문동 594-16,36.3381843,127.3920723
페로스터리,대전광역시 대덕구 중리로54번길 31,대전광역시 대덕구 중리동 373-27,36.36401545,127.4269949
살롱드케이,대전광역시 서구 관저동로 85,대전광역시 서구 관저동 1318,36.29974149,127.3402522
피에노,대전광역시 서구 둔산로31번길 38,대전광역시 서구 둔산동 1008,36.35341415,127.3778151
길이앤씨,대전광역시 서구 신갈마로 235,대전광역시 서구 갈마동 263-10,36.35464724,127.368914
한지갤러리앤카페,대전광역시 중구 대전천서로 529,대전광역시 중구 선화동 82-1,36.33398362,127.4228038
히다리,대전광역시 유성구 은구비남로 13,대전광역시 유성구 지족동 894-5,36.37256731,127.3170704
이서방공인중개사사무소,대전광역시 유성구 원신흥남로12번길 33-4,대전광역시 유성구 원신흥동 553-10,36.33362864,127.3402674
로뎀나무,대전광역시 서구 중반1길 6,대전광역시 서구 변동 33-37,36.32552503,127.3804314
대전빠른컴퓨터,대전광역시 유성구 진잠로150번길 34,대전광역시 유성구 원내동 78-13,36.30211626,127.3185536
지에스25효동,대전광역시 동구 계족로 33,대전광역시 동구 효동 135-18,36.31804107,127.4419206
엘백-2,대전광역시 동구 계족로489번길 73,대전광역시 동구 용전동 194-3,36.35530131,127.4290754
신영이엔씨,대전광역시 서구 구봉산북로16번길 4,대전광역시 서구 관저동 1971-4,36.29475896,127.3227703
세무법인경원,대전광역시 서구 둔산남로9번길 116,대전광역시 서구 둔산동 1206,36.35045374,127.3821949
구본컴퍼니,대전광역시 서구 둔산로 8,대전광역시 서구 둔산동 1091,36.3523174,127.3748936
나응,대전광역시 서구 대덕대로 238,대전광역시 서구 둔산동 1367,36.35411013,127.3799376
아이제이투어,대전광역시 대덕구 장동로 247,대전광역시 대덕구 장동 344-6,36.41484513,127.4401808
케이제이이엔씨,대전광역시 동구 계족로 480,대전광역시 동구 용전동 123-18,36.35457218,127.4330473
라온통신,대전광역시 서구 도산로 199-2,대전광역시 서구 변동 30-7,36.32617679,127.3792457
한,대전광역시 유성구 계룡로87번길 12,대전광역시 유성구 봉명동 552-8,36.35455035,127.3409488
딥드,대전광역시 서구 둔산로218번길 30,대전광역시 서구 둔산동 1967,36.34985885,127.3980758
손칼국수보쌈,대전광역시 서구 문정로170번길 19,대전광역시 서구 둔산동 1921,36.34957363,127.3969193
빅토리아헤어,대전광역시 유성구 은구비서로24번길 14,대전광역시 유성구 지족동 918-5,36.37417755,127.3212913
사랑예감,대전광역시 동구 송촌남로11번길 54,대전광역시 동구 용전동 22-4,36.35462101,127.4395761
온양삼색호떡,대전광역시 서구 도솔로308번길 2,대전광역시 서구 괴정동 89-1,36.33526182,127.382805
오버트플라워,대전광역시 유성구 월드컵대로316번길 5,대전광역시 유성구 상대동 454-3,36.34794966,127.3354228
소판돈판,대전광역시 동구 동서대로 1589,대전광역시 동구 홍도동 31-1,36.3447066,127.4280276
도취경,대전광역시 서구 계룡로636번길 14-23,대전광역시 서구 용문동 590-2,36.33910632,127.3908397
유니나피부관리샵,대전광역시 대덕구 계족로663번길 29-18,대전광역시 대덕구 법동 284-6,36.36959393,127.4269428
씨유유성봉명,대전광역시 유성구 계룡로87번길 61,대전광역시 유성구 봉명동 440-11,36.35688767,127.3415085
수레단,대전광역시 서구 도안북로117번길 16,대전광역시 서구 도안동 912,36.3307801,127.3417951
헌터피씨대전,대전광역시 중구 서문로 128,대전광역시 중구 문화동 311-12,36.31961821,127.4063603
우리기술,대전광역시 유성구 북유성대로 334,대전광역시 유성구 반석동 665-1,36.39436679,127.3136582
러빙헛웰빙,대전광역시 대덕구 송촌북로 23,대전광역시 대덕구 중리동 493-6,36.36453777,127.4363849
태가나헤어,대전광역시 유성구 궁동로18번길 29,대전광역시 유성구 궁동 397-9,36.3628859,127.3489906
배꼽시계,대전광역시 대덕구 대덕대로 1402,대전광역시 대덕구 신일동 1684-9,36.44530327,127.4058393
씨유,대전광역시 동구 대성길 70,대전광역시 동구 가양동 574-12,36.33907207,127.441002
비에이치푸드,대전광역시 서구 괴정로11번길 43,대전광역시 서구 갈마동 1286,36.34193428,127.3747537
알뜰상회,대전광역시 중구 문화로105번길 103,대전광역시 중구 유천동 303-39,36.31673459,127.3956466
국제표준금거래소,대전광역시 동구 은어송로 55,대전광역시 동구 가오동 609,36.30618846,127.4553671
거래처,대전광역시 동구 산내로 1303,대전광역시 동구 낭월동 593,36.27976705,127.4681735
달토끼의떡볶이흡입구역,대전광역시 유성구 테크노중앙로 32,대전광역시 유성구 관평동 806,36.42695966,127.3890835
원내동공주칼국수쭈꾸미,대전광역시 유성구 진잠로140번길 5-19,대전광역시 유성구 원내동 74-9,36.30327546,127.3179534
다와라컴퍼니,대전광역시 유성구 계룡로52번길 46,대전광역시 유성구 봉명동 568-15,36.35318702,127.3356234
계룡대반점,대전광역시 서구 관저동로 162,대전광역시 서구 관저동 1899,36.30655993,127.3411524
24K구제,대전광역시 중구 중앙로170번길 11,대전광역시 중구 은행동 55-15,36.32915466,127.4287984
요거트월드대전,대전광역시 유성구 대학로75번길 52-22,대전광역시 유성구 궁동 458-7,36.36147528,127.341559
에스엠히어로,대전광역시 유성구 지족로349번길 48-11,대전광역시 유성구 지족동 983-3,36.38734782,127.3170972
잔디한식뷔페,대전광역시 대덕구 계족산로5번길 111,대전광역시 대덕구 법동 202-4,36.36687112,127.4304953
다솔에프엔씨,대전광역시 유성구 궁동로18번길 7,대전광역시 유성구 궁동 395-14,36.36290637,127.347787
비안이즈둔산트랜드점,대전광역시 서구 둔산로31번길 10-35,대전광역시 서구 둔산동 1015,36.35323611,127.3782399
타임,대전광역시 서구 갈마로 289,대전광역시 서구 가장동 42-11,36.33121657,127.3848195
스텔라커피,대전광역시 유성구 봉명서로 49-1,대전광역시 유성구 봉명동 1032-6,36.346803,127.34156
대성인테리어,대전광역시 중구 유등천동로204번길 15,대전광역시 중구 산성동 126-13,36.3024717,127.3840655
어항속의바다,대전광역시 서구 계백로1286번길 66,대전광역시 서구 정림동 612,36.30505746,127.3666526
이마트24,대전광역시 서구 도솔로 111,대전광역시 서구 도마동 60-1,36.32055875,127.3734433
못난이꽈배기,대전광역시 유성구 학하서로 5,대전광역시 유성구 계산동 739-5,36.34044337,127.3039498
지엔지건축인테리어,대전광역시 유성구 유성대로 510,대전광역시 유성구 복용동 189-3,36.34131009,127.3214541
애드모어,대전광역시 유성구 지족로 276,대전광역시 유성구 지족동 1023-3,36.38706714,127.3074803
픽시온,대전광역시 동구 동대전로131번길 40-2,대전광역시 동구 자양동 237-6,36.33506763,127.4442498
참사랑김밥,대전광역시 서구 신갈마로 140,대전광역시 서구 갈마동 379-1,36.34609288,127.3686266
러키공인중개사사무소,대전광역시 유성구 문화원로10번길 26,대전광역시 유성구 장대동 356-15,36.36029723,127.3371341
공실,대전광역시 서구 월평중로13번길 36,대전광역시 서구 월평동 923,36.35581765,127.3618962
와이에스플랜,대전광역시 동구 대학로50번길 56,대전광역시 동구 용운동 673,36.33270134,127.4568868
릴공식서비스센터,대전광역시 서구 문예로 137,대전광역시 서구 둔산동 926,36.35901853,127.3897821
한양의료기흙돌침대,대전광역시 중구 계룡로 871,대전광역시 중구 용두동 22-5,36.32377042,127.4113073
세븐일레븐대전탄방,대전광역시 서구 도솔로437번길 29,대전광역시 서구 탄방동 902,36.34492289,127.3933011
입주청소,대전광역시 유성구 문화원로47번길 34,대전광역시 유성구 궁동 475-6,36.3613528,127.3422286
마야라틴줌바댄스,대전광역시 서구 유등로 361,대전광역시 서구 변동 40-22,36.3236316,127.385514
보리,대전광역시 중구 중앙로 145,대전광역시 중구 선화동 383,36.32831575,127.4248839
박홍근홈패션,대전광역시 대덕구 계족로 571,대전광역시 대덕구 중리동 179-4,36.36248426,127.4309619
물음표,대전광역시 동구 현암로 36,대전광역시 동구 삼성동 375-27,36.3426268,127.4191195
옹달샘코다리찜,대전광역시 중구 계백로 1566,대전광역시 중구 유천동 305-1,36.31735879,127.3943277
다이아나,대전광역시 서구 도솔로 391,대전광역시 서구 괴정동 5-25,36.34133942,127.3886835
티파니헤어,대전광역시 동구 계족로 491,대전광역시 동구 용전동 42-13,36.35566929,127.4325379
명랑핫도그,대전광역시 서구 둔지로 36,대전광역시 서구 둔산동 981,36.35271545,127.376907
밀레모다대전,대전광역시 유성구 대정로 5,대전광역시 유성구 대정동 303-2,36.31291913,127.3195843
해도,대전광역시 서구 도마로5번길 4,대전광역시 서구 도마동 25-25,36.32260873,127.3707985
태영티앤지,대전광역시 서구 도안동로 6,대전광역시 서구 도안동 2050,36.30569897,127.353486
금빛통닭,대전광역시 대덕구 대전로1375번길 5,대전광역시 대덕구 읍내동 244-18,36.37637659,127.4205627
아랑태권도,대전광역시 서구 가장로 144,대전광역시 서구 가장동 48-5,36.33142412,127.3883822
이만적사탐.한국사Academy,대전광역시 서구 문예로 59,대전광역시 서구 둔산동 1503,36.35196221,127.3898706
카페모두,대전광역시 중구 태평로 143,대전광역시 중구 태평동 365-4,36.32938211,127.3962284
부산꼼장어,대전광역시 중구 대종로 58,대전광역시 중구 옥계동 50-23,36.29858136,127.4552641
오모드,대전광역시 대덕구 대전로1044번길 73,대전광역시 대덕구 오정동 454-26,36.35022446,127.4191411
양스타,대전광역시 서구 구봉로131번길 23,대전광역시 서구 관저동 1529,36.29733604,127.337155
신쭈꾸황,대전광역시 유성구 죽동로279번길 71-14,대전광역시 유성구 죽동 720-12,36.37236888,127.3394835
복드림마트,대전광역시 서구 원도안로 16,대전광역시 서구 도안동 1760,36.3056485,127.349166
버무리떡볶이,대전광역시 유성구 월드컵대로316번길 39,대전광역시 유성구 상대동 456-4,36.34642651,127.3354135
살롱디에스,대전광역시 유성구 죽동로 295,대전광역시 유성구 죽동 704-1,36.36963942,127.3380913
빙고,대전광역시 유성구 계룡로105번길 27,대전광역시 유성구 봉명동 551-4,36.35490294,127.3427842
엠휘트니스,대전광역시 서구 도솔로388번길 46,대전광역시 서구 괴정동 423-9,36.33946334,127.3901574
다쿠랑아즈,대전광역시 서구 관저남로12번길 7-13,대전광역시 서구 관저동 1568-4,36.2947745,127.3367982
대전욕실나라,대전광역시 유성구 유성대로668번길 64,대전광역시 유성구 구암동 606-1,36.35229075,127.3332802
남다른현이네구제,대전광역시 동구 중앙로 192,대전광역시 동구 중동 27-11,36.33012694,127.4304621
클린지아,대전광역시 중구 보문로335번길 14-11,대전광역시 중구 선화동 191-4,36.33183932,127.4173729
시선인터내셔널미샤,대전광역시 유성구 대덕대로 480,대전광역시 유성구 도룡동 3-1,36.37662471,127.3872038
한우리축산,대전광역시 동구 대전로 174-60,대전광역시 동구 낭월동 327,36.28354286,127.466044
레브헤어살롱,대전광역시 서구 갈마역로 6,대전광역시 서구 둔산동 1122,36.35096818,127.3736788
샤인빔의원,대전광역시 서구 대덕대로 216,대전광역시 서구 둔산동 1279,36.35194491,127.3795091
지엠쑥쑥카페,대전광역시 중구 동서대로 1218,대전광역시 중구 태평동 381-39,36.32551995,127.3952781
더꾸닭꾸,대전광역시 중구 수침로55번길 16,대전광역시 중구 태평동 265-24,36.32494805,127.3998267
와이디컴퍼니,대전광역시 서구 유등로655번길 18-9,대전광역시 서구 탄방동 1479-3,36.34596051,127.4006793
국세상,대전광역시 동구 대전로867번길 41,대전광역시 동구 삼성동 269-21,36.33561413,127.4282723
강희규푸드테라피,대전광역시 유성구 지족북로6번길 16,대전광역시 유성구 지족동 1019-5,36.38638278,127.3044769
오늘도예쁘게,대전광역시 서구 계룡로686번길 17,대전광역시 서구 용문동 250-5,36.33475252,127.3960199
육이팔파스타,대전광역시 서구 관저로 3-20,대전광역시 서구 관저동 1960-15,36.29502037,127.3243713
89푸드팩토리,대전광역시 대덕구 한남로12번길 11,대전광역시 대덕구 오정동 221-1,36.35141225,127.4262182
옹심이메밀칼국수,대전광역시 서구 청사서로 29,대전광역시 서구 월평동 266-1,36.36014997,127.3750315
진미오겹살,대전광역시 서구 용문로 41-80,대전광역시 서구 괴정동 426-1,36.33952883,127.3888647
대별동한식뷔페,대전광역시 동구 산서로 1624-5,대전광역시 동구 대별동 162-10,36.28756931,127.4595375
밥풀,대전광역시 동구 동대전로131번길 8-7,대전광역시 동구 자양동 261-11,36.33450477,127.445312
써브웨이,대전광역시 서구 관저로 142,대전광역시 서구 관저동 1515,36.29856607,127.3379351
풍기인견나라,대전광역시 중구 문창로6번길 29,대전광역시 중구 문창동 364-8,36.314939,127.4376998
와플하우스,대전광역시 서구 둔산로 29,대전광역시 서구 둔산동 985,36.35201419,127.3772357
홍루이젠,대전광역시 서구 대덕대로 325,대전광역시 서구 월평동 243,36.36190969,127.3789286
떼제,대전광역시 유성구 신성로61번길 79,대전광역시 유성구 자운동 22-53,36.39246736,127.3494798
크러쉬온,대전광역시 동구 신기로101번길 36-14,대전광역시 동구 가오동 449,36.31126836,127.4566458
라하프헤어,대전광역시 서구 원도안로 189,대전광역시 서구 도안동 1243,36.32054364,127.3437522
법무법인청연대전분사무소,대전광역시 서구 둔산로137번길 44,대전광역시 서구 둔산동 1391,36.35328546,127.3895594
리사이드,대전광역시 서구 월평북로 85,대전광역시 서구 월평동 237,36.36245398,127.3778768
도이식탁,대전광역시 유성구 문화원로 86,대전광역시 유성구 봉명동 620,36.35880223,127.3455036
대원이앤비,대전광역시 중구 태평로 144,대전광역시 중구 태평동 346-27,36.32912301,127.3966759
띠울아쿠아3층매점,대전광역시 중구 보문산공원로 551,대전광역시 중구 대사동 99-7,36.31667472,127.4255486
주택관리,대전광역시 서구 중반1길 69,대전광역시 서구 변동 12-35,36.327233,127.3813201
관저동행공인중개사사무소,대전광역시 서구 계백로828번길 16,대전광역시 서구 관저동 1975-1,36.29344507,127.3215236
하얀공인중개사사무소,대전광역시 서구 배재로91번길 11,대전광역시 서구 도마동 545,36.31677658,127.3706003
세이브존에드윈피에이티,대전광역시 서구 둔산로 201,대전광역시 서구 둔산동 1809,36.35510448,127.3981468
세웅이네가족식당,대전광역시 중구 목중로10번길 9-9,대전광역시 중구 중촌동 410-9,36.33583559,127.4126089
황금분식,대전광역시 대덕구 아리랑로113번길 57,대전광역시 대덕구 읍내동 245-10,36.37596062,127.420276
커피나루,대전광역시 동구 홍도로 1,대전광역시 동구 홍도동 13-9,36.34664639,127.430353
포일,대전광역시 중구 대종로517번길 36,대전광역시 중구 선화동 236-5,36.32915113,127.4224385
이브제이,대전광역시 서구 둔산북로 22,대전광역시 서구 둔산동 967,36.35556427,127.3770737
나성이엔지,대전광역시 중구 대흥로 161,대전광역시 중구 대흥동 119-3,36.32503131,127.4297195
명동공인중개사사무소,대전광역시 중구 유천로 14-1,대전광역시 중구 유천동 168-50,36.31406691,127.3992308
럭샵#LUCK#,대전광역시 유성구 유성대로642번길 53,대전광역시 유성구 구암동 623-8,36.35041362,127.3312128
락,대전광역시 동구 은어송로51번길 12,대전광역시 동구 가오동 600,36.30646657,127.4550868
디라인,대전광역시 서구 월평새뜸로8번길 73-15,대전광역시 서구 월평동 1247,36.35441144,127.3568048
오스카,대전광역시 서구 계룡로 381,대전광역시 서구 갈마동 271-30,36.35220535,127.3707164
올리비아#,대전광역시 유성구 원신흥로55번길 53-16,대전광역시 유성구 원신흥동 497-12,36.34084572,127.343192
서현A공인중개사사무소,대전광역시 서구 원도안로224번길 25,대전광역시 서구 도안동 1103,36.32356687,127.3461325
필,대전광역시 중구 대종로460번길 28,대전광역시 중구 대흥동 131-1,36.32620872,127.4290427
온누리마트,대전광역시 서구 바탕들3길 24,대전광역시 서구 도마동 175-28,36.31308436,127.381521
케어필라테스,대전광역시 유성구 테크노4로 98-4,대전광역시 유성구 관평동 813,36.42633155,127.3896238
한아름,대전광역시 서구 대신1길 43,대전광역시 서구 도마동 174-21,36.31200031,127.3810284
세사리빙,대전광역시 동구 한밭대로 1200,대전광역시 동구 용전동 25-6,36.35877548,127.4318803
매직PC방,대전광역시 서구 둔산로137번길 18,대전광역시 서구 둔산동 1484,36.35212255,127.3895016
홍도가,대전광역시 동구 중앙로193번길 8,대전광역시 동구 중동 60-4,36.33093019,127.4307013
피자와썹,대전광역시 동구 용운로 114-13,대전광역시 동구 용운동 461-1,36.32723241,127.4552764
오리가,대전광역시 서구 정림서로 206,대전광역시 서구 정림동 583,36.30600069,127.3626809
웅진창업컨설팅,대전광역시 서구 계룡로546번길 7-31,대전광역시 서구 괴정동 7-23,36.34201518,127.3851356
미셸모다대전,대전광역시 유성구 대정로 5,대전광역시 유성구 대정동 303-2,36.31291913,127.3195843
에이치와이디자인,대전광역시 서구 동서대로1080번길 4,대전광역시 서구 변동 14-36,36.32880488,127.3802941
착한보리밥,대전광역시 유성구 진잠로74번길 29,대전광역시 유성구 원내동 309-20,36.29881581,127.318226
선화동한가네닭발,대전광역시 중구 계백로1685번길 10,대전광역시 중구 오류동 165-8,36.32139588,127.4068035
송가네뒷고기삼겹살,대전광역시 중구 대종로529번길 6,대전광역시 중구 선화동 13-3,36.33062233,127.4228843
신한밭공인중개사사무소,대전광역시 유성구 학하서로121번길 71-14,대전광역시 유성구 덕명동 587-5,36.34990641,127.2977825
뮤즈헤어,대전광역시 서구 관저로 176,대전광역시 서구 관저동 1408,36.29877512,127.3415185
무드앤헤어,대전광역시 서구 대덕대로 319,대전광역시 서구 월평동 244,36.36146891,127.3790881
해피보리네,대전광역시 유성구 은구비남로33번길 51,대전광역시 유성구 지족동 902-4,36.37455277,127.319126
파다건축인테리어,대전광역시 유성구 진잠로78번길 19,대전광역시 유성구 원내동 225-13,36.29912361,127.3168873
장미맨숀,대전광역시 동구 한남로8번길 9,대전광역시 동구 홍도동 102-4,36.3517327,127.4272632
씨유대전,대전광역시 유성구 자운로221번길 98,대전광역시 유성구 신봉동 5-2,36.4131574,127.340822
정안세차장,대전광역시 동구 대전로 416,대전광역시 동구 가오동 372-3,36.30392231,127.4544921
슈맥마라탕,대전광역시 중구 동서대로 1391,대전광역시 중구 목동 107-26,36.33314404,127.4114262
어른들의사춘기,대전광역시 유성구 죽동로280번길 7,대전광역시 유성구 죽동 714-6,36.37124276,127.3379328
비에치우송대,대전광역시 동구 동대전로 149,대전광역시 동구 자양동 68-4,36.33538376,127.4463417
엔씨대전삼백돈,대전광역시 유성구 계룡로 119,대전광역시 유성구 봉명동 549-11,36.35373823,127.3440419
더마이스터,대전광역시 유성구 테크노4로 17,대전광역시 유성구 관평동 684,36.4324062,127.3949966
곰수산,대전광역시 대덕구 우암로 442,대전광역시 대덕구 비래동 147-5,36.35753322,127.4534497
선우이엔지,대전광역시 서구 둔산서로 17,대전광역시 서구 둔산동 1254,36.34824773,127.3825911
대광공조시스템,대전광역시 중구 수침로 75,대전광역시 중구 태평동 260-7,36.32619139,127.3997503
코코잡화월드,대전광역시 서구 계백로 1449-1,대전광역시 서구 도마동 141-13,36.31419522,127.3819688
디에스쿡,대전광역시 동구 대전로340번길 20,대전광역시 동구 대성동 30,36.29869877,127.4612868
종로맥가,대전광역시 유성구 학하서로35번길 45-2,대전광역시 유성구 계산동 735-5,36.34085745,127.3023197
헤어위즈,대전광역시 유성구 봉산로 22,대전광역시 유성구 봉산동 233-8,36.43558447,127.3873206
미드멜리호텔,대전광역시 서구 둔산중로40번길 27,대전광역시 서구 둔산동 1446,36.35030479,127.3882792
시골농장산닭집,대전광역시 서구 관저동로 47-13,대전광역시 서구 관저동 1377,36.29612511,127.3398262
닭발1번지,대전광역시 서구 월평로 78,대전광역시 서구 월평동 684-1,36.35597229,127.3655496
카페350,대전광역시 서구 만년로68번길 23,대전광역시 서구 만년동 350,36.36621685,127.3805102
아이더현대아울렛,대전광역시 유성구 테크노중앙로 123,대전광역시 유성구 용산동 608,36.42342966,127.3985232
대동집대전,대전광역시 유성구 온천북로13번길 20,대전광역시 유성구 봉명동 626-2,36.35799723,127.3449755
아이언브릭,대전광역시 유성구 죽동로279번길 5-17,대전광역시 유성구 죽동 718-1,36.37186854,127.3386407
워시팡팡무인셀프빨래방대전,대전광역시 유성구 대정로42번길 68-13,대전광역시 유성구 대정동 309-4,36.3146449,127.3219413
윤샵,대전광역시 유성구 문화원로10번길 53,대전광역시 유성구 장대동 366-1,36.35924819,127.3381124
조선닭볶음탕,대전광역시 동구 동서대로1683번길 64-4,대전광역시 동구 용전동 63-40,36.35185372,127.4356518
대전구제아울렛,대전광역시 동구 중앙로 190,대전광역시 동구 중동 27-29,36.33008129,127.4303399
도미라토탈뷰티,대전광역시 중구 목동로 25,대전광역시 중구 목동 21-27,36.33318211,127.4081845
카페빽사장,대전광역시 서구 도마2길 69,대전광역시 서구 도마동 134-64,36.31509145,127.3827413
르하임스터디카페,대전광역시 유성구 테크노4로 141,대전광역시 유성구 관평동 913,36.42225771,127.3878157
더케이가구,대전광역시 대덕구 한밭대로 1038,대전광역시 대덕구 오정동 65-2,36.3580126,127.4138797
쁘띠펫,대전광역시 서구 도산로253번길 51,대전광역시 서구 내동 17-11,36.3314645,127.3804735
늘사진관,대전광역시 동구 대전로448번길 85-25,대전광역시 동구 가오동 522,36.30935259,127.4555233
엉클부대찌개,대전광역시 서구 계룡로553번안길 47,대전광역시 서구 탄방동 763,36.34609367,127.387833
나인팩토리,대전광역시 동구 계족로450번길 9-24,대전광역시 동구 용전동 128-3,36.3527708,127.4332832
오늘의간판,대전광역시 서구 도솔로 457-9,대전광역시 서구 탄방동 64-7,36.3442096,127.3948217
네츄럴리빙,대전광역시 동구 대전로 755-4,대전광역시 동구 원동 34-2,36.32731613,127.4344922
제이제이스냅,대전광역시 유성구 지족로 222-7,대전광역시 유성구 지족동 1034-3,36.38440169,127.3032127
데얼바이,대전광역시 중구 중앙로 126-1,대전광역시 중구 대흥동 630,36.32786986,127.4239962
차차워커스,대전광역시 유성구 덕명서로2번길 29-5,대전광역시 유성구 덕명동 517-4,36.35866882,127.3027959
야인상회,대전광역시 서구 한밭대로570번길 40,대전광역시 서구 월평동 498,36.35651128,127.3618349
다누리한국표준과학연구원점,대전광역시 유성구 가정로 267,대전광역시 유성구 도룡동 414,36.38559386,127.368508
피크닉스,대전광역시 서구 탄방로 51,대전광역시 서구 탄방동 60-28,36.34297129,127.3923359
과일집,대전광역시 동구 대전로1002번길 27,대전광역시 동구 홍도동 136-39,36.34621081,127.4203629
성심기정떡,대전광역시 유성구 배울2로 6,대전광역시 유성구 관평동 664,36.42257751,127.3834083
우쿠야앤닭익는마을대전,대전광역시 유성구 엑스포로151번길 19,대전광역시 유성구 도룡동 4-9,36.3761527,127.3953879
베네통현대아울렛대전,대전광역시 유성구 테크노중앙로 123,대전광역시 유성구 용산동 579,36.42342966,127.3985232
서울칼라,대전광역시 대덕구 신탄진로 804-1,대전광역시 대덕구 신탄진동 143-19,36.44928479,127.4294585
아이스달콤상회,대전광역시 서구 도솔로 139,대전광역시 서구 도마동 34-26,36.32311925,127.3736233
갯뻘,대전광역시 유성구 원신흥남로12번길 41-12,대전광역시 유성구 원신흥동 552-11,36.33406318,127.3406201
지에스25,대전광역시 대덕구 홍도로129번길 68,대전광역시 대덕구 중리동 232-15,36.35770705,127.4233196
세븐일레븐,대전광역시 서구 도산로370번길 20,대전광역시 서구 용문동 260-1,36.33667389,127.3927969
몽뜨,대전광역시 서구 둔산중로 19,대전광역시 서구 탄방동 590,36.34821213,127.3861787
크린하우스,대전광역시 서구 도산로282번길 88-10,대전광역시 서구 가장동 30-24,36.32890836,127.3881346
소소림,대전광역시 유성구 동서대로 184-45,대전광역시 유성구 덕명동 176-73,36.34764183,127.2943046
닷지,대전광역시 대덕구 우암로 448,대전광역시 대덕구 비래동 135-12,36.35778112,127.4524786
한성,대전광역시 유성구 노은서로96번길 25,대전광역시 유성구 노은동 506-11,36.36859235,127.3154113
성창신발,대전광역시 동구 중앙로200번길 33,대전광역시 동구 원동 55-1,36.32935178,127.432339
섹시노래연습장,대전광역시 유성구 온천북로33번길 36-38,대전광역시 유성구 봉명동 642-2,36.35812893,127.3492865
강남컴퍼니,대전광역시 유성구 동서대로656번길 16-19,대전광역시 유성구 용계동 668-3,36.33110137,127.3347083
청향일식,대전광역시 중구 계룡로 923,대전광역시 중구 문화동 1-135,36.32083371,127.4152608
티제이전기,대전광역시 서구 갈마로313번길 41-23,대전광역시 서구 가장동 44-24,36.33143729,127.3874353
토피아잉글리쉬존대전외국어학원,대전광역시 서구 둔산로 136,대전광역시 서구 둔산동 1451,36.35098435,127.3889869
향우한방족발,대전광역시 서구 도마로 47,대전광역시 서구 변동 56-13,36.32248889,127.3754437
카페에그마마,대전광역시 서구 신갈마로211번안길 7,대전광역시 서구 갈마동 297-2,36.35293635,127.3640924
곱창고대전,대전광역시 동구 동대전로 128,대전광역시 동구 대동 400-34,36.33350658,127.4457869
세진유통,대전광역시 서구 갈마로 231-1,대전광역시 서구 괴정동 93-50,36.33498779,127.3803565
커피심포니,대전광역시 서구 둔산남로9번길 45,대전광역시 서구 둔산동 1196,36.35005651,127.3785882
아트하우스,대전광역시 유성구 은구비서로23번길 29,대전광역시 유성구 지족동 910-20,36.37508771,127.3196897
당신의약국,대전광역시 유성구 온천북로13번길 21,대전광역시 유성구 봉명동 615-2,36.35804819,127.3444069
필립휘트니스,대전광역시 서구 청사로 120,대전광역시 서구 월평동 291,36.35953866,127.3770532
킴댄스무도학원,대전광역시 동구 중앙로204번길 101,대전광역시 동구 원동 36-6,36.32681972,127.4343399
서현에어컨,대전광역시 대덕구 중리남로8번길 87,대전광역시 대덕구 중리동 140-5,36.36520841,127.4295714
청룡각,대전광역시 동구 용운동2길 8,대전광역시 동구 용운동 486,36.32639528,127.4496019
마루,대전광역시 동구 은어송로51번길 6-11,대전광역시 동구 가오동 598,36.30673016,127.4555749
세컨페이스안경원,대전광역시 서구 문정로 85,대전광역시 서구 탄방동 744,36.34703612,127.3888395
메종드해인,대전광역시 유성구 원신흥남로42번길 11-18,대전광역시 유성구 원신흥동 543-1,36.33699288,127.3391028
비와이씨이불침구,대전광역시 대덕구 중리로 47-1,대전광역시 대덕구 중리동 384-7,36.36336595,127.4249939
대전레전드에프씨,대전광역시 유성구 엑스포로 213,대전광역시 유성구 원촌동 52,36.37687512,127.4028384
삼성물산현대프리미엄아울렛,대전광역시 유성구 테크노중앙로 123,대전광역시 유성구 용산동 579,36.42342966,127.3985232
공생,대전광역시 대덕구 대청로 62,대전광역시 대덕구 신탄진동 16-2,36.45274576,127.4351896
하리,대전광역시 서구 관저중로 70,대전광역시 서구 관저동 1106,36.29815477,127.3352776
메타월드,대전광역시 유성구 유성대로736번길 46,대전광역시 유성구 장대동 282-7,36.3584353,127.3361694
최고식품니혼만땅,대전광역시 서구 계룡로 598,대전광역시 서구 괴정동 423-1,36.34069505,127.3895686
스타일온,대전광역시 중구 대종로 61-13,대전광역시 중구 옥계동 48-1,36.29822409,127.4539973
에덴헤어,대전광역시 중구 동서대로1194번길 9,대전광역시 중구 태평동 409-15,36.32595627,127.3924568
완도수산야채막회,대전광역시 중구 보문산로 129,대전광역시 중구 산성동 329-16,36.3054993,127.3945308
전시/컨벤션/행사 대행 서비스업,대전광역시 동구 중심5길 15,대전광역시 동구 판암동 565-4,36.32013149,127.4515503
삼선미용실,대전광역시 동구 옛신탄진로 69,대전광역시 동구 홍도동 134-18,36.34659083,127.4225326
파리바게뜨,대전광역시 유성구 반석로 23,대전광역시 유성구 반석동 639-1,36.39131203,127.312169
오버랩,전라남도 목포시 교육로 97,전라남도 목포시 상동 823-9,34.80530211,126.418084
귀농귀촌체험민박,전라남도 장흥군 관산읍 옥당신촌길 27-15,전라남도 장흥군 관산읍 옥당리 817-1,34.56547528,126.9268005
피오나킴헤어,전라남도 목포시 원산로145번길 8,전라남도 목포시 연산동 1269-6,34.81106245,126.3817996
고기목장,전라남도 목포시 영산로 321,전라남도 목포시 용당동 1088-4,34.80603882,126.4006614
순천만예랑펜션,전라남도 순천시 해룡면 해룡로 684-13,전라남도 순천시 해룡면 선학리 504,34.88259891,127.5287801
일성이용원,전라남도 곡성군 석곡면 강변로 18,전라남도 곡성군 석곡면 석곡리 169-5,35.13084037,127.2552881
카페달빛여수,전라남도 여수시 고소3길 22-1,전라남도 여수시 고소동 571,34.73986559,127.738125
헤어공감,전라남도 영광군 홍농읍 홍농로 457-11,전라남도 영광군 홍농읍 상하리 171-3,35.39542628,126.4459805
목포다찌,전라남도 목포시 원산로 68,전라남도 목포시 산정동 1779-11,34.8052929,126.3763282
예울,전라남도 여수시 시전6길 20,전라남도 여수시 신기동 73-12,34.76062429,127.6734902
빨강머리앤종합화장품,전라남도 영암군 삼호읍 중앙촌길 22,전라남도 영암군 삼호읍 용앙리 285-3,34.74665039,126.4689455
아리랑민박,전라남도 진도군 군내면 명량대첩로 121,전라남도 진도군 군내면 둔전리 1-34,34.56138729,126.3086694
정원고시텔,전라남도 순천시 우석로 75,전라남도 순천시 덕월동 483,34.9353895,127.4887531
아름다운방,전라남도 영암군 삼호읍 대불주거5로 5,전라남도 영암군 삼호읍 용앙리 1681-1,34.75432477,126.4563752
팔영산편백치유의숲매점,전라남도 고흥군 영남면 천사로 529-191,전라남도 고흥군 영남면 금사리 산37-60,34.61920606,127.4099162
제이브루,전라남도 광양시 광양읍 호북길 3-16,전라남도 광양시 광양읍 칠성리 898-9,34.97997604,127.583172
큰손슈퍼,전라남도 장흥군 장흥읍 읍성로 125,전라남도 장흥군 장흥읍 동동리 279,34.67878964,126.8984858
어울림당구장,전라남도 목포시 텃골로13번길 70,전라남도 목포시 상동 251-5,34.81675682,126.418641
아시아마트,전라남도 영광군 영광읍 신남로4길 7,전라남도 영광군 영광읍 남천리 325,35.27518475,126.5040382
센소리엘,전라남도 여수시 웅천로 108,전라남도 여수시 웅천동 1880-5,34.74142744,127.6754004
영화루,전라남도 담양군 담양읍 추성로 1312,전라남도 담양군 담양읍 천변리 4,35.3197002,126.9815946
안나제이의네일,전라남도 순천시 팔마로 269,전라남도 순천시 연향동 1050-54,34.93725734,127.5133391
더나인PT,전라남도 목포시 옥암로 187,전라남도 목포시 석현동 1168-19,34.81472781,126.4213466
배스킨라빈스목포석현점,전라남도 목포시 영산로 635,전라남도 목포시 석현동 815-1,34.82220871,126.4220017
공지안,전라남도 목포시 연산백련로1번길 16-7,전라남도 목포시 연산동 1980-9,34.81566827,126.3919831
차차차,전라남도 신안군 지도읍 동촌길 73,전라남도 신안군 지도읍 읍내리 274-11,35.06004446,126.2105904
숲속의자연관광농원,전라남도 여수시 교동남1길 6-1,전라남도 여수시 교동 539,34.73964818,127.7334844
문더스애드목포,전라남도 목포시 마인계터로40번길 4,전라남도 목포시 죽동 220,34.79035546,126.3829691
평림참샘물협동조합,전라남도 장성군 삼계면 생촌길 41-7,전라남도 장성군 삼계면 생촌리 261-1,35.32312192,126.6588601
새림의료재단압해생태요양병원,전라남도 신안군 압해읍 추섬길 50,전라남도 신안군 압해읍 대천리 253-1,34.86523945,126.2874015
고흥해창만바닷깨비,전라남도 고흥군 포두면 팔영로 385,전라남도 고흥군 포두면 오취리 1161-1,34.58103637,127.393422
큐브,전라남도 순천시 봉화로 274,전라남도 순천시 조례동 1685-2,34.95776442,127.5198206
육회랑족발이랑,전라남도 목포시 양을로41번길 40,전라남도 목포시 산정동 994-4,34.80385915,126.3789899
공간플라워,전라남도 고흥군 고흥읍 터미널길 35,전라남도 고흥군 고흥읍 서문리 218-34,34.60843726,127.2812775
커피앤스윔,전라남도 보성군 보성읍 용문길 36-16,전라남도 보성군 보성읍 용문리 174,34.77504966,127.0958564
네일트리,전라남도 나주시 그린로 153,전라남도 나주시 빛가람동 600,35.01081328,126.7832109
마리네민박,전라남도 강진군 강진읍 목화길 13-5,전라남도 강진군 강진읍 동성리 599,34.64698697,126.7712077
원조하당먹거리,전라남도 목포시 신흥로 98,전라남도 목포시 옥암동 1004,34.80542059,126.4307146
바닷길가든,전라남도 진도군 고군면 진도대로 1297,전라남도 진도군 고군면 금계리 114-8,34.43984092,126.3541317
수스,전라남도 광양시 항만11로 70,전라남도 광양시 중동 1811-1,34.92850781,127.6941708
다옴옷수선,전라남도 광양시 제철로 997-8,전라남도 광양시 황길동 955,34.91135926,127.6529664
족뱅이족발,전라남도 목포시 용당로 274,전라남도 목포시 용해동 921-15,34.81128785,126.3995217
주니어1234,전라남도 여수시 웅천남6로 21,전라남도 여수시 웅천동 1884-5,34.7393568,127.6764569
산수식당,전라남도 여수시 소라면 의곡길 477,전라남도 여수시 소라면 봉두리 1345,34.83048097,127.579499
나루터가든,전라남도 광양시 도촌안2길 28,전라남도 광양시 태인동 1320-7,34.94386064,127.7410253
지에스25덕례수시아점,전라남도 광양시 광양읍 갈티로 54,전라남도 광양시 광양읍 덕례리 1761-1,34.96894037,127.5672065
남해안참숯장어전문,전라남도 여수시 성산6길 53-1,전라남도 여수시 화장동 770-6,34.77357744,127.6440502
통뼈감자탕포미,전라남도 목포시 연산백련로21번길 6,전라남도 목포시 연산동 1959-5,34.81718966,126.3911557
은지네,전라남도 완도군 신지면 신지로 516,전라남도 완도군 신지면 신리 38,34.33427172,126.8230477
엘시실내,전라남도 강진군 강진읍 탐진로 51-11,전라남도 강진군 강진읍 서성리 85-1,34.63876068,126.76268
강동유통,전라남도 해남군 송지면 동현길 51-2,전라남도 해남군 송지면 어란리 1036-9,34.36303868,126.4867524
논곡산업,전라남도 광양시 옥곡면 큰골1길 31,전라남도 광양시 옥곡면 신금리 1410-18,34.98630917,127.7010429
아트관광여행사,전라남도 여수시 돌산읍 우두1길 12-13,전라남도 여수시 돌산읍 우두리 806,34.72753165,127.7417127
心수봉공인중개사사무소,전라남도 무안군 일로읍 오룡번영로 131,전라남도 무안군 일로읍 오룡리 1,34.80812695,126.4834917
솜사탕,전라남도 화순군 화순읍 진각로 148,전라남도 화순군 화순읍 신기리 242-8,35.06426636,126.9872659
고풍화랑,전라남도 순천시 행금길 12,전라남도 순천시 행동 61-1,34.95572861,127.4828566
동수네빵집,전라남도 담양군 담양읍 중앙로 59,전라남도 담양군 담양읍 천변리 46-6,35.3183842,126.9826669
보광카센터,전라남도 강진군 강진읍 중앙로 10,전라남도 강진군 강진읍 평동리 276-2,34.63284535,126.7616119
원진식당,전라남도 여수시 무선5길 27,전라남도 여수시 선원동 1246-5,34.77295857,127.6513727
케이원엔지니어링,전라남도 나주시 동수농공단지길 138-10,전라남도 나주시 동수동 323,34.98715248,126.6797732
가곡탁구장,전라남도 순천시 중앙로 325,전라남도 순천시 가곡동 994-15,34.9746905,127.4817189
128티카페,전라남도 화순군 화순읍 충의로 128,전라남도 화순군 화순읍 광덕리 182,35.05555072,126.9917146
족발야시장전남,전라남도 강진군 강진읍 보은로1길 25,전라남도 강진군 강진읍 남성리 5-20,34.63827895,126.7694166
몽타이,전라남도 광양시 발섬6길 38,전라남도 광양시 중동 1764-1,34.93527485,127.7001883
다모아쇼핑,전라남도 목포시 영산로245번길 19,전라남도 목포시 용당동 1051-10,34.80442045,126.3920814
우리측량설계공사,전라남도 순천시 순천만정원로 86,전라남도 순천시 풍덕동 1757-1,34.93704092,127.4956394
루페컴,전라남도 구례군 구례읍 봉성로 96,전라남도 구례군 구례읍 봉동리 415-3,35.21083021,127.4646922
오투피부손질,전라남도 순천시 연향번영6길 4,전라남도 순천시 연향동 1361-12,34.94765923,127.5176022
부자마트,전라남도 순천시 중앙로 479,전라남도 순천시 가곡동 37-38,34.98751032,127.4883527
좋은날,전라남도 광양시 광양읍 순광로 683,전라남도 광양시 광양읍 인동리 414-7,34.96950393,127.5893139
호박유흥주점,전라남도 해남군 해남읍 읍내길 20,전라남도 해남군 해남읍 읍내리 31-2,34.57095454,126.5992822
여수가마솥국밥,전라남도 여수시 대교로 35,전라남도 여수시 봉산동 244-10,34.73541041,127.7250566
사천푸드미평점,전라남도 여수시 미평로 76,전라남도 여수시 미평동 282-8,34.76969407,127.7093424
가성봉민박3,전라남도 영광군 홍농읍 가마미로 354-10,전라남도 영광군 홍농읍 계마리 826-2,35.39751044,126.4094508
대동식당,전라남도 강진군 칠량면 칠량로 80-4,전라남도 강진군 칠량면 영동리 1137-87,34.5716934,126.7988532
루페스빅풋디테일링센터,전라남도 여수시 성산로 51-1,전라남도 여수시 화장동 856-6,34.77495425,127.643203
이모네칼국수,전라남도 무안군 청계면 승달산길 41,전라남도 무안군 청계면 도림리 311-14,34.91043559,126.4339161
플로렌스,전라남도 목포시 삼일로 52-4,전라남도 목포시 대성동 69-6,34.7968006,126.3843511
건축사사무소소망,전라남도 목포시 양을로 206,전라남도 목포시 용당동 1193-6,34.81106049,126.3925317
삼복이네뼈해장국그리고떡볶이,전라남도 화순군 능주면 정암길 62,전라남도 화순군 능주면 잠정리 253-2,34.99081108,126.9554752
치킨나주혁신,전라남도 나주시 황동2길 3-15,전라남도 나주시 빛가람동 447-1,35.01416299,126.7730157
세븐일레븐여수문수주공점,전라남도 여수시 여문2로 6-3,전라남도 여수시 문수동 715-3,34.74914801,127.6942545
동하당,전라남도 담양군 고서면 가사문학로 324-6,전라남도 담양군 고서면 동운리 1618,35.22315805,126.9725426
쿠킹라이프,전라남도 광양시 중촌길 28,전라남도 광양시 중동 1619-1,34.93835424,127.6915288
미르카페,전라남도 여수시 교동남1길 8,전라남도 여수시 교동 541,34.7395581,127.7335174
디디카페,전라남도 목포시 북항로 124,전라남도 목포시 죽교동 581-6,34.80142222,126.3713228
랑만,전라남도 광양시 광양읍 서천변로 189,전라남도 광양시 광양읍 구산리 516-5,34.97959312,127.5741381
알비티체형교정&FIT,전라남도 목포시 포미로9번길 4,전라남도 목포시 용해동 995-5,34.81694789,126.397423
모찌속눈썹,전라남도 무안군 삼향읍 남악5로48번길 24,전라남도 무안군 삼향읍 남악리 2349,34.80927356,126.4735474
즐거운생활,전라남도 여수시 충민로 273,전라남도 여수시 공화동 1292,34.74699708,127.7426351
금손골드테라피진심을다하다,전라남도 여수시 신기남3길 34,전라남도 여수시 신기동 60-9,34.760847,127.6691635
이지나힐링뮤직,전라남도 장흥군 장흥읍 중앙로 45-3,전라남도 장흥군 장흥읍 건산리 720-122,34.68000528,126.9073524
우리농기계,전라남도 곡성군 옥과면 천변로 99-5,전라남도 곡성군 옥과면 율사리 291-16,35.27053199,127.1334156
가거도맛집,전라남도 목포시 용당로216번길 3-1,전라남도 목포시 용당동 1082-38,34.80622352,126.3989421
라임,전라남도 화순군 화순읍 광덕로 43,전라남도 화순군 화순읍 다지리 635-1,35.04873082,126.9921711
파리바게뜨남평강변도시점,전라남도 나주시 남평읍 강변2길 5-11,전라남도 나주시 남평읍 동사리 363-1,35.04058162,126.8501954
광주식당,전라남도 화순군 백아면 옥리길 32,전라남도 화순군 백아면 옥리 583-4,35.16254374,127.0831479
노을명가,전라남도 목포시 청호로 225,전라남도 목포시 산정동 1150-3,34.80938195,126.3693521
한샘키친순천,전라남도 순천시 팔마로 326,전라남도 순천시 연향동 1684-4,34.93460024,127.5184231
핸디,전라남도 여수시 돌산읍 돌산로 3482,전라남도 여수시 돌산읍 우두리 686-28,34.72397011,127.7500766
현우금화주유소,전라남도 광양시 광양읍 순광로 333,전라남도 광양시 광양읍 덕례리 1365-3,34.9654062,127.5546209
케이비자동화시스템,전라남도 여수시 대평길 133-29,전라남도 여수시 해산동 297-34,34.80072291,127.6384363
위드커피,전라남도 목포시 마인계터로26번길 21,전라남도 목포시 죽교동 399-36,34.78965826,126.3800218
산삼약초&전통차,전라남도 구례군 구례읍 봉동길 27,전라남도 구례군 구례읍 봉동리 189-45,35.20971107,127.4705316
조이피싱,전라남도 여수시 시전6길 11,전라남도 여수시 신기동 97-4,34.75999524,127.6742354
좋은날,전라남도 여수시 문수로 92,전라남도 여수시 문수동 116-3,34.75443923,127.704983
장흥상회,전라남도 함평군 함평읍 시장길 49,전라남도 함평군 함평읍 기각리 982,35.06392299,126.5234042
뻘뚱,전라남도 신안군 팔금면 탑목개길 163,전라남도 신안군 팔금면 읍리 314-1,34.78371989,126.1428926
여기어때횟집,전라남도 여수시 돌산읍 진모길 9-7,전라남도 여수시 돌산읍 평사리 1405-26,34.70690387,127.7586756
아내의정원,전라남도 완도군 완도읍 중도길 16-50,전라남도 완도군 완도읍 중도리 474,34.30740894,126.7215973
옥진식당,전라남도 영광군 영광읍 신남로3길 15-6,전라남도 영광군 영광읍 남천리 321-34,35.27501358,126.503316
카페글램,전라남도 나주시 경현길 65,전라남도 나주시 경현동 96-1,35.03660558,126.7051599
순천대점멘토즈스터디카페,전라남도 순천시 중앙로 226,전라남도 순천시 매곡동 475-6,34.96588898,127.485191
카페브라이언,전라남도 영광군 영광읍 옥당로 134,전라남도 영광군 영광읍 신하리 30-4,35.27417955,126.5021993
카페로사,전라남도 담양군 담양읍 추성로 1356,전라남도 담양군 담양읍 지침리 41-9,35.31981452,126.9866192
소울오카리나,전라남도 순천시 왕지로 375-10,전라남도 순천시 왕지동 87-87,34.97797564,127.5554509
집밥뷔페,전라남도 순천시 중앙로 550,전라남도 순천시 가곡동 6-1,34.99124119,127.4945294
비치노래연습장,전라남도 광양시 진월면 백운1로 389,전라남도 광양시 진월면 망덕리 60-16,34.96202878,127.7513161
순한고기,전라남도 목포시 고하대로 672,전라남도 목포시 산정동 1633-14,34.80730023,126.3714039
거상,전라남도 여수시 대학로 39,전라남도 여수시 미평동 756-5,34.77304892,127.702404
한솥국밥,전라남도 완도군 완도읍 청해진남로 5,전라남도 완도군 완도읍 군내리 310-218,34.3145049,126.7576361
남도,전라남도 광양시 오류4길 27,전라남도 광양시 중동 1643-8,34.93717855,127.6971928
정든집,전라남도 여수시 무선6길 47,전라남도 여수시 선원동 1279-12,34.77578459,127.6497438
드림조경,전라남도 곡성군 오산면 무옥로 184,전라남도 곡성군 오산면 연화리 843-2,35.26200901,127.0982173
이삭공인중개사사무소,전라남도 무안군 삼향읍 남악3로82번길 7,전라남도 무안군 삼향읍 남악리 2123,34.81331069,126.4612978
선우행정사사무소,전라남도 순천시 기적의도서관1길 4,전라남도 순천시 조례동 1588-5,34.95469747,127.5239006
선샤인호텔,전라남도 목포시 평화로73번길 4,전라남도 목포시 상동 1144,34.79707276,126.4327304
오대세탁소,전라남도 무안군 현경면 현해로 70,전라남도 무안군 현경면 평산리 1091-54,35.02082015,126.4134395
몬스터가든,전라남도 목포시 장미로 48,전라남도 목포시 상동 997-3,34.80256509,126.4266708
용비어,전라남도 광양시 중마로 207,전라남도 광양시 중동 1414-4,34.94336873,127.6888935
캐슬공인중개사사무소,전라남도 나주시 빛가람로 747,전라남도 나주시 빛가람동 210-2,35.02158197,126.7937458
예림인테리어,전라남도 여수시 돌산읍 돌산로 3482,전라남도 여수시 돌산읍 우두리 686-28,34.72397011,127.7500766
본전회수산,전라남도 목포시 미항로 153,전라남도 목포시 옥암동 1098-19,34.79775262,126.4365311
김미정헤어스토리,전라남도 여수시 여문2로 133,전라남도 여수시 문수동 170,34.75421827,127.6994132
뻘낙지,전라남도 목포시 원형로 44-2,전라남도 목포시 상동 1124-6,34.79938818,126.4319435
시민행정사무소시민선박중개사무소,전라남도 여수시 쌍봉로 55,전라남도 여수시 학동 11-9,34.76671398,127.6619519
빽다방화순광덕점,전라남도 화순군 화순읍 중앙로 93,전라남도 화순군 화순읍 만연리 240-7,35.06058828,126.991554
새아지트,전라남도 순천시 연향1로 12-1,전라남도 순천시 연향동 1390-3,34.94469496,127.5157256
달보드레,전라남도 장흥군 장흥읍 중앙로 76,전라남도 장흥군 장흥읍 건산리 708-1,34.68251996,126.9063044
루어카페,전라남도 영암군 학산면 영산로 1139,전라남도 영암군 학산면 매월리 761,34.79354295,126.5231057
청해동물,전라남도 완도군 완도읍 중앙길 20-1,전라남도 완도군 완도읍 군내리 782-101,34.31358453,126.7575519
오늘의회,전라남도 여수시 무선로 65,전라남도 여수시 선원동 137-15,34.766904,127.6557679
빈티지나무,전라남도 화순군 화순읍 부처샘길 1-3,전라남도 화순군 화순읍 신기리 395-6,35.06708923,126.9906846
시선디자인,전라남도 목포시 후광대로143번안길 51-2,전라남도 목포시 옥암동 1215-3,34.81331951,126.4478001
하이포크정육식당,전라남도 여수시 학동서5길 2,전라남도 여수시 학동 58-20,34.76194795,127.6565422
한성하이테크,전라남도 영암군 삼호읍 대불로 745,전라남도 영암군 삼호읍 난전리 1685-35,34.77545639,126.4270436
섬진강,전라남도 순천시 황전면 비촌1길 87,전라남도 순천시 황전면 비촌리 990-1,35.17372452,127.42852
모란교육원협동조합,전라남도 진도군 진도읍 서문길 8-21,전라남도 진도군 진도읍 성내리 46-1,34.48514505,126.2635425
에스이와이,전라남도 목포시 마인계터로40번길 4,전라남도 목포시 죽동 220,34.79035546,126.3829691
지디뚜레쥬르영광법성포점,전라남도 영광군 법성면 굴비로 83,전라남도 영광군 법성면 법성리 688-10,35.35634769,126.4489301
공감,전라남도 목포시 마인계터로 44,전라남도 목포시 죽동 36-1,34.79040342,126.3831867
심봉사도로케장흥관산점,전라남도 장흥군 관산읍 정남진로 17,전라남도 장흥군 관산읍 죽교리 444-1,34.5625846,126.9405679
비비큐,전라남도 순천시 왕지로 12,전라남도 순천시 왕지동 869-1,34.96963279,127.523409
다정청국장,전라남도 순천시 장평로 60,전라남도 순천시 풍덕동 1264,34.94514707,127.4961153
고흥전기조명상사,전라남도 고흥군 고흥읍 고흥로 1569,전라남도 고흥군 고흥읍 등암리 427-1,34.59526992,127.2742722
남경환경향기로운집,전라남도 순천시 도장길 25,전라남도 순천시 연향동 1611-5,34.93977096,127.526658
정식육식당,전라남도 목포시 죽산로30번길 18,전라남도 목포시 산정동 1723-6,34.81034425,126.3779558
더조은치킨,전라남도 영암군 시종면 내동중앙로 27-1,전라남도 영암군 시종면 내동리 11-6,34.86753756,126.6078764
제주까망이,전라남도 순천시 해룡면 신대4길 6,전라남도 순천시 해룡면 신대리 1987-4,34.93361851,127.5516292
한별공인중개사사무소,전라남도 장성군 남면 나노산단2로 201,전라남도 장성군 남면 삼태리 878-2,35.2368891,126.838313
올로르,전라남도 장성군 삼서면 수양로 190-112,전라남도 장성군 삼서면 수양리 267,35.23483801,126.6680819
속초명태마을,전라남도 장흥군 회진면 가학회진로 1601,전라남도 장흥군 회진면 회진리 911,34.48263147,126.9394677
에스키즈모다,전라남도 순천시 해룡면 상성길 70,전라남도 순천시 해룡면 남가리 99,34.92556877,127.54446
새론산업,전라남도 영광군 군서면 백수로16길 54-7,전라남도 영광군 군서면 만곡리 481-9,35.28928048,126.4636989
여수달밤,전라남도 여수시 공화남2길 12,전라남도 여수시 공화동 1047-11,34.7454474,127.7430658
광흥조경,전라남도 장흥군 유치면 유치도암로 43,전라남도 장흥군 유치면 대천리 516-4,34.84624379,126.8799235
레츠리드서적,전라남도 순천시 성죽길 31,전라남도 순천시 연향동 1603-1,34.94086376,127.5248673
제이엠음악학원,전라남도 여수시 선소로 72-13,전라남도 여수시 신기동 137,34.75824372,127.6699167
무공돈까스순천,전라남도 순천시 왕지2길 4-36,전라남도 순천시 왕지동 864-4,34.96833946,127.5223323
네모드림,전라남도 여수시 소호로 486,전라남도 여수시 소호동 365-20,34.74548879,127.6541421
고고모바일,전라남도 여수시 웅천로 108,전라남도 여수시 웅천동 1880-5,34.74142744,127.6754004
에이치타투,전라남도 여수시 선소로 84,전라남도 여수시 신기동 109-11,34.75990696,127.6682497
혜뷰티,전라남도 담양군 담양읍 중앙로 65-1,전라남도 담양군 담양읍 천변리 33-1,35.31905059,126.9825926
루디오르,전라남도 순천시 왕지로 8,전라남도 순천시 왕지동 863-1,34.96964931,127.5230256
광무체육관,전라남도 여수시 선소로 132,전라남도 여수시 신기동 32-8,34.76415778,127.6700024
더예헤어샵,전라남도 순천시 연향중앙상가길 56,전라남도 순천시 연향동 1346,34.94869923,127.5184392
한국소방ENG,전라남도 여수시 쌍봉로 128,전라남도 여수시 학동 17-31,34.76523903,127.6698015
자연담음·치유공방,전라남도 순천시 하대석길 47,전라남도 순천시 연향동 1483-1,34.94664117,127.524615
애호박국밥,전라남도 영암군 학산면 독천로 214,전라남도 영암군 학산면 독천리 35-19,34.72590615,126.5725994
장수국밥,전라남도 광양시 중마용소5길 4-1,전라남도 광양시 중동 1385-4,34.94081404,127.6875238
유노이아,전라남도 해남군 삼산면 대흥사길 108,전라남도 해남군 삼산면 구림리 146-15,34.4968152,126.6194467
K스크린골프그늘집,전라남도 여수시 성산1길 27,전라남도 여수시 화장동 785-13,34.77733282,127.6489288
커피꽃,전라남도 강진군 도암면 봉황로 616,전라남도 강진군 도암면 봉황리 295-25,34.53923136,126.6825611
파티,전라남도 영광군 영광읍 중앙로 191,전라남도 영광군 영광읍 백학리 12-1,35.27603013,126.5119253
목포가자바다로,전라남도 목포시 삼학로92번길 104,전라남도 목포시 산정동 1454-7,34.78079864,126.3882356
연향얼음,전라남도 순천시 대석2길 11-4,전라남도 순천시 연향동 1502-3,34.94458339,127.5239919
남진스팀세차광택,전라남도 순천시 지현길 30,전라남도 순천시 덕월동 472-2,34.93581631,127.4894949
수나로움,전라남도 순천시 행금길 6-33,전라남도 순천시 행동 115,34.95580844,127.4825495
피커,전라남도 목포시 영산로 683-1,전라남도 목포시 석현동 502-5,34.8260628,126.4217096
뚜레쥬르완도점,전라남도 완도군 완도읍 장보고대로 237,전라남도 완도군 완도읍 군내리 1263-14,34.31641546,126.7513715
휴다움카페,전라남도 강진군 병영면 병영성로 80,전라남도 강진군 병영면 삼인리 432-2,34.71166592,126.8167882
화순돔아일랜드,전라남도 화순군 화순읍 학포로 2653-20,전라남도 화순군 화순읍 벽라리 578-3,35.04622586,126.961292
나이발관,전라남도 목포시 연동로4번길 13,전라남도 목포시 산정동 1080-69,34.79424988,126.3938961
해암요도예공방,전라남도 곡성군 죽곡면 비봉가목길 95-134,전라남도 곡성군 죽곡면 유봉리 527,35.14272279,127.3329538
김한나공인중개사사무소,전라남도 해남군 해남읍 구교2길 26,전라남도 해남군 해남읍 구교리 93,34.57771515,126.5930002
임회주유소,전라남도 진도군 임회면 진도대로 5861,전라남도 진도군 임회면 석교리 236-1,34.4103664,126.1939387
해든뷰,전라남도 여수시 외밭넘2길 10,전라남도 여수시 덕충동 695-1,34.75628428,127.7477729
대능상사,전라남도 여수시 여수산단로 724,전라남도 여수시 중흥동 1703-2,34.8388484,127.6949292
현그라픽스,전라남도 여수시 시전4길 12-4,전라남도 여수시 신기동 94-10,34.75895879,127.6743378
객사모던수,전북특별자치도 전주시 완산구 전주객사3길 45,전북특별자치도 전주시 완산구 고사동 474-3,35.81916536,127.1419346
건강한웰빙음료,전북특별자치도 남원시 의총로 51,전북특별자치도 남원시 금동 264-1,35.40461258,127.3758876
지리산흙돼지촌마을,전북특별자치도 남원시 주천면 정령치로 164,전북특별자치도 남원시 주천면 호경리 470-30,35.38842689,127.4528111
스마일축산정육,전북특별자치도 군산시 현충로 34,전북특별자치도 군산시 나운동 868-12,35.9584176,126.6883966
이화식당,전북특별자치도 군산시 진포로 155,전북특별자치도 군산시 조촌동 790-10,35.97253852,126.7326894
에이스자동차공업사,전북특별자치도 군산시 칠성4길 110-2,전북특별자치도 군산시 산북동 3574-12,35.96470009,126.6769738
브이아이피스크린골프,전북특별자치도 남원시 용성로 348,전북특별자치도 남원시 월락동 131-49,35.4225455,127.4071557
한뚝수육국밥,전북특별자치도 완주군 봉동읍 과학로 997,전북특별자치도 완주군 봉동읍 둔산리 908-3,35.95805369,127.1253694
더블유하우스,전북특별자치도 익산시 동서로 504,전북특별자치도 익산시 어양동 65-42,35.95279779,126.9886841
비뇨블,전북특별자치도 전주시 완산구 신봉3길 35,전북특별자치도 전주시 완산구 효자동1가 605-1,35.81246923,127.1146751
마라부마라탕,전북특별자치도 정읍시 상동중앙로 30-13,전북특별자치도 정읍시 상동 308-1,35.55933047,126.8679493
라라코스트평화점,전북특별자치도 전주시 완산구 모악로 4692,전북특별자치도 전주시 완산구 평화동2가 302-15,35.78830656,127.13095
더블유,전북특별자치도 익산시 하나로11길 36-6,전북특별자치도 익산시 영등동 842-11,35.95963632,126.9777883
혁신대성약국,전북특별자치도 완주군 이서면 안전로 163,전북특별자치도 완주군 이서면 갈산리 662-7,35.83875446,127.0581635
엘이디비전,전북특별자치도 완주군 용진읍 양전지동길 13-18,전북특별자치도 완주군 용진읍 신지리 1056-4,35.91958969,127.1702696
한울밥상,전북특별자치도 전주시 완산구 기린대로 104,전북특별자치도 전주시 완산구 남노송동 529-21,35.81872597,127.1549755
맘스터치나운점,전북특별자치도 군산시 수송로 42,전북특별자치도 군산시 나운동 487-5,35.96680627,126.7006414
책방토닥토닥,전북특별자치도 전주시 완산구 풍남문2길 53,전북특별자치도 전주시 완산구 전동 303-181,35.81214664,127.1473547
세븐스타코인노래연습장김제검산점,전북특별자치도 김제시 검산택지5길 20,전북특별자치도 김제시 검산동 1066-1,35.80227348,126.9034015
예림이상회,전북특별자치도 군산시 구암31로 134,전북특별자치도 군산시 경암동 584-6,35.98134789,126.7339346
지에스25전주,전북특별자치도 전주시 완산구 범안3길 7,전북특별자치도 전주시 완산구 효자동2가 1167-3,35.81237918,127.1073729
에이샵헤어살롱,전북특별자치도 전주시 덕진구 명륜4길 17-8,전북특별자치도 전주시 덕진구 덕진동1가 1314-162,35.8438923,127.126226
보보스,전북특별자치도 전주시 덕진구 솔내8길 37-1,전북특별자치도 전주시 덕진구 송천동1가 137-112,35.86098527,127.1255624
오땡큐헤어,전북특별자치도 남원시 용성로 197-22,전북특별자치도 남원시 도통동 139-1,35.41552825,127.3935533
올가드림뷰티,전북특별자치도 익산시 선화로10길 20-3,전북특별자치도 익산시 모현동1가 293,35.94681279,126.9446572
건승이엔에스,전북특별자치도 전주시 완산구 콩쥐팥쥐로 1584-12,전북특별자치도 전주시 완산구 상림동 63,35.82427997,127.0732971
이디씨,전북특별자치도 전주시 완산구 마당재1길 21,전북특별자치도 전주시 완산구 남노송동 120-2,35.81923273,127.15912
불닭발엽기떡볶이전북도청점,전북특별자치도 전주시 완산구 홍산남로 50,전북특별자치도 전주시 완산구 효자동2가 1155-2,35.81556906,127.1072708
거리상회,전북특별자치도 익산시 중앙로 22-112,전북특별자치도 익산시 중앙동1가 86,35.93892949,126.9490954
휴피부,전북특별자치도 군산시 당북길 5,전북특별자치도 군산시 지곡동 27-2,35.95486623,126.714172
중국전통황제아로마,전북특별자치도 완주군 봉동읍 봉동동서로 134-59,전북특별자치도 완주군 봉동읍 장기리 215-5,35.93859915,127.1678211
마이통신,전북특별자치도 진안군 진안읍 진무로 1096,전북특별자치도 진안군 진안읍 군상리 364-5,35.79178266,127.4283545
포이리히KOREA,전북특별자치도 전주시 덕진구 떡전4길 12-6,전북특별자치도 전주시 덕진구 금암동 750-13,35.8378342,127.1285284
아우라,전북특별자치도 장수군 장수읍 장천로 203,전북특별자치도 장수군 장수읍 장수리 443-5,35.65079349,127.5189443
황제족발,전북특별자치도 부안군 변산면 격포중앙길 1,전북특별자치도 부안군 변산면 격포리 385-9,35.62179565,126.473005
33떡볶이송천,전북특별자치도 전주시 덕진구 사근1길 19,전북특별자치도 전주시 덕진구 송천동2가 176-31,35.86667308,127.1293644
동문청과농원,전북특별자치도 남원시 동문로 41,전북특별자치도 남원시 동충동 57-1,35.40917076,127.3858828
아이행복힐링스쿨,전북특별자치도 익산시 고봉로 279,전북특별자치도 익산시 영등동 749-6,35.9569949,126.9703286
우리영화만들자사회적협동조합,전북특별자치도 순창군 순창읍 장류로 404,전북특별자치도 순창군 순창읍 남계리 244-2,35.37575291,127.1463902
땡큐회원권거래소,전북특별자치도 전주시 완산구 원효자길 27,전북특별자치도 전주시 완산구 효자동2가 851-2,35.79774462,127.093287
글로벌에프엔비,전북특별자치도 군산시 나포면 서포안길 24,전북특별자치도 군산시 나포면 서포리 429-1,36.01806862,126.8009525
요미아트미술교습소,전북특별자치도 부안군 부안읍 봉신길 9,전북특별자치도 부안군 부안읍 봉덕리 632-2,35.71961256,126.7341874
더원수학전문학원,전북특별자치도 익산시 선화로10길 24,전북특별자치도 익산시 모현동1가 279-1,35.94652353,126.9445613
김형경탁구클럽,전북특별자치도 전주시 덕진구 동부대로 879,전북특별자치도 전주시 덕진구 호성동1가 836-3,35.86450554,127.148876
진안복권,전북특별자치도 진안군 진안읍 중앙로 119-4,전북특별자치도 진안군 진안읍 군상리 459-1,35.79384598,127.4300987
따따PC방,전북특별자치도 군산시 칠성안1길 30,전북특별자치도 군산시 산북동 3549,35.96815676,126.6782354
쁘렝땅롯데전주점,전북특별자치도 전주시 완산구 온고을로 2,전북특별자치도 전주시 완산구 서신동 971,35.83445974,127.1218467
자스민아쿠아,전북특별자치도 전주시 완산구 고사평2길 9-3,전북특별자치도 전주시 완산구 서신동 950-7,35.83456606,127.1105668
반하다,전북특별자치도 군산시 상지곡안4길 41-4,전북특별자치도 군산시 지곡동 509-9,35.95932407,126.7071492
효산정원,전북특별자치도 김제시 공덕면 과덕4길 144-2,전북특별자치도 김제시 공덕면 회룡리 830-1,35.88612641,126.8728968
하음알씨,전북특별자치도 군산시 나포면 십자들로 712-69,전북특별자치도 군산시 나포면 옥곤리 138,36.03355695,126.8408518
고창DC,전북특별자치도 고창군 고창읍 시장길 22-2,전북특별자치도 고창군 고창읍 읍내리 340-6,35.43334414,126.6982666
국민연탄구이,전북특별자치도 전주시 완산구 평화로 145,전북특별자치도 전주시 완산구 평화동2가 871-5,35.78959989,127.1353165
류한복앤제네시스,전북특별자치도 전주시 완산구 전라감영4길 17-2,전북특별자치도 전주시 완산구 중앙동2가 16-11,35.81705539,127.1443366
만나식당,전북특별자치도 진안군 주천면 동상주천로 2210-4,전북특별자치도 진안군 주천면 주양리 441-3,35.97439606,127.4257767
셀프연탄구이,전북특별자치도 순창군 순창읍 순창2길 26,전북특별자치도 순창군 순창읍 남계리 785-1,35.37079117,127.1445276
다정다감,전북특별자치도 군산시 미원로 118-1,전북특별자치도 군산시 미원동 206,35.97969297,126.7172843
동이네,전북특별자치도 전주시 완산구 서신로 20,전북특별자치도 전주시 완산구 서신동 837,35.82701742,127.1160408
깊은산속옹달샘,전북특별자치도 완주군 동상면 대아수목로 379-12,전북특별자치도 완주군 동상면 대아리 158-1,35.99465874,127.3207865
로이피시방,전북특별자치도 군산시 동수송안길 31,전북특별자치도 군산시 수송동 831,35.96671827,126.7167514
내일을위한네일,전북특별자치도 익산시 고봉로30길 51,전북특별자치도 익산시 영등동 771-2,35.95662106,126.975089
행복한밥상,전북특별자치도 익산시 인북로11길 27,전북특별자치도 익산시 남중동 35-9,35.95123483,126.9566584
가맥야시장,전북특별자치도 전주시 완산구 평화18길 29,전북특별자치도 전주시 완산구 평화동1가 730-1,35.79485856,127.1333678
하가양푼갈비,전북특별자치도 전주시 덕진구 가리내7길 7,전북특별자치도 전주시 덕진구 덕진동2가 671-2,35.84453763,127.1109868
월명옥,전북특별자치도 군산시 구영6길 117,전북특별자치도 군산시 영화동 18-20,35.98888374,126.7112137
베스트냉동,전북특별자치도 군산시 칠성4길 184,전북특별자치도 군산시 소룡동 1562-9,35.97150973,126.6774478
핏제리아다레오,전북특별자치도 전주시 완산구 홍산로 269,전북특별자치도 전주시 완산구 효자동2가 1232-3,35.81766487,127.1054878
백가돈족,전북특별자치도 완주군 봉동읍 원둔산1길 31,전북특별자치도 완주군 봉동읍 둔산리 900-3,35.96057215,127.1271376
청실홍실,전북특별자치도 전주시 완산구 전주천동로 58-9,전북특별자치도 전주시 완산구 교동 180-4,35.81152647,127.1539784
전주난장,전북특별자치도 전주시 완산구 은행로 13,전북특별자치도 전주시 완산구 풍남동2가 35-1,35.81871363,127.1519435
다이써재활용마트,전북특별자치도 익산시 서동로8길 87-16,전북특별자치도 익산시 마동 369-7,35.93479817,126.9673916
행복마차,전북특별자치도 전주시 완산구 중산5길 16-10,전북특별자치도 전주시 완산구 중화산동2가 627-4,35.81537014,127.1218689
인싱크이레이터전주,전북특별자치도 전주시 완산구 서신천변13길 13,전북특별자치도 전주시 완산구 서신동 819-4,35.83043715,127.1128818
상하팬션,전북특별자치도 고창군 상하면 진암구시포로 539-19,전북특별자치도 고창군 상하면 자룡리 529-39,35.44404121,126.4361363
씨유전주한옥태조로점,전북특별자치도 전주시 완산구 간납로 1,전북특별자치도 전주시 완산구 풍남동3가 26-21,35.81680686,127.1550733
엔투,전북특별자치도 정읍시 태평1길 2,전북특별자치도 정읍시 시기동 544-19,35.56644158,126.8517107
우리두그리다,전북특별자치도 군산시 나운로 59,전북특별자치도 군산시 나운동 487-7,35.96729682,126.7009992
나무에이치알,전북특별자치도 전주시 덕진구 안덕원로 229,전북특별자치도 전주시 덕진구 인후동1가 770-4,35.83656994,127.1521298
블루밍통신전주,전북특별자치도 전주시 덕진구 권삼득로 126,전북특별자치도 전주시 덕진구 진북동 340-30,35.83163002,127.1418669
고고싱어동전노래연습장,전북특별자치도 익산시 동서로5길 99,전북특별자치도 익산시 신동 786-8,35.96084938,126.9584942
홈웨이마트,전북특별자치도 정읍시 수성1로 36,전북특별자치도 정읍시 수성동 306-4,35.57879966,126.8518101
토지식당,전북특별자치도 전주시 덕진구 모래내3길 6,전북특별자치도 전주시 덕진구 금암동 200-5,35.83373229,127.1421763
뉴메이저,전북특별자치도 전주시 덕진구 아중중앙로 30,전북특별자치도 전주시 덕진구 우아동2가 919-13,35.83088563,127.1719467
베러댄와플,전북특별자치도 익산시 하나로6길 21,전북특별자치도 익산시 어양동 629-5,35.96117437,126.9816596
장수믿음약초건강원,전북특별자치도 전주시 덕진구 안덕원로 144,전북특별자치도 전주시 덕진구 진북동 325-32,35.83203634,127.1444967
홈마트,전북특별자치도 순창군 순창읍 장류로 328,전북특별자치도 순창군 순창읍 순화리 490-4,35.37674854,127.1380815
최강영어,전북특별자치도 김제시 도작로 111,전북특별자치도 김제시 검산동 1032-1,35.80382782,126.8989214
써니스토리,전북특별자치도 전주시 완산구 태평3길 70,전북특별자치도 전주시 완산구 태평동 36-1,35.82521697,127.1424671
스마트펫몰,전북특별자치도 전주시 완산구 용머리로 94,전북특별자치도 전주시 완산구 효자동1가 545-3,35.80599429,127.1203345
휴먼스타,전북특별자치도 전주시 덕진구 만성서로 92,전북특별자치도 전주시 덕진구 만성동 1360-1,35.84607422,127.0733868
에이치와이<HY>수학,전북특별자치도 남원시 역재2길 10,전북특별자치도 남원시 도통동 568-7,35.41937724,127.3989752
에스제이유통,전북특별자치도 군산시 구시장로 72-49,전북특별자치도 군산시 신영동 6-14,35.98614312,126.719553
후르츠커피,전북특별자치도 군산시 수송안5길 11,전북특별자치도 군산시 수송동 859-1,35.96346069,126.7172143
산마루가든,전북특별자치도 임실군 신덕면 불재로 517,전북특별자치도 임실군 신덕면 신덕리 505-4,35.70854602,127.1482495
새만금고리,전북특별자치도 김제시 남북로 184,전북특별자치도 김제시 요촌동 205-27,35.80040903,126.8849179
대호,전북특별자치도 전주시 덕진구 온고을로 768,전북특별자치도 전주시 덕진구 반월동 757-8,35.87206145,127.0621214
킹스키,전북특별자치도 무주군 설천면 만선로 26,전북특별자치도 무주군 설천면 심곡리 672-2,35.91065494,127.7566585
새만금유통,전북특별자치도 부안군 보안면 영전길 19-5,전북특별자치도 부안군 보안면 영전리 383-4,35.61094132,126.6704186
다사랑치킨피자,전북특별자치도 전주시 덕진구 오공로 33-8,전북특별자치도 전주시 덕진구 중동 776-4,35.8369534,127.059513
옛날통닭,전북특별자치도 순창군 순창읍 장류로 368,전북특별자치도 순창군 순창읍 남계리 213-6,35.37626549,127.1424008
제이피앤아이,전북특별자치도 전주시 완산구 홍산로 260,전북특별자치도 전주시 완산구 효자동3가 1531-2,35.81683405,127.106482
씨유익산황등점,전북특별자치도 익산시 황등면 황등3길 2,전북특별자치도 익산시 황등면 황등리 1038-1,35.99928505,126.9446684
남원철물설비사,전북특별자치도 남원시 동문로 39,전북특별자치도 남원시 죽항동 152-1,35.40885444,127.38572
덕성공인중개사사무소,전북특별자치도 전주시 덕진구 석소로 90-19,전북특별자치도 전주시 덕진구 우아동2가 866-14,35.83576849,127.169007
베트남식품,전북특별자치도 임실군 오수면 충효로 2139-10,전북특별자치도 임실군 오수면 대명리 19,35.54980259,127.3313969
솜리약국,전북특별자치도 익산시 익산대로 172-1,전북특별자치도 익산시 창인동1가 17-1,35.94155199,126.9480411
트리플크라운,전북특별자치도 군산시 하나운안1길 27,전북특별자치도 군산시 나운동 837-15,35.96474245,126.6948328
강연우동태찌개,전북특별자치도 익산시 금마면 미륵사지로 220-1,전북특별자치도 익산시 금마면 신용리 722-3,36.00471222,127.0426058
서암건강원,전북특별자치도 부안군 계화면 간재로 414,전북특별자치도 부안군 계화면 창북리 441-46,35.76242856,126.6975045
크린하우스평화,전북특별자치도 전주시 완산구 소대배기로 18-20,전북특별자치도 전주시 완산구 평화동2가 891-5,35.78662882,127.1320191
팔팔공인중개사사무소,전북특별자치도 전주시 덕진구 과학로 20,전북특별자치도 전주시 덕진구 송천동2가 1332-1,35.87196962,127.1227397
효자의료기복지용구,전북특별자치도 전주시 완산구 거마평로 110,전북특별자치도 전주시 완산구 삼천동1가 559,35.80213027,127.1170026
버디버디,전북특별자치도 전주시 덕진구 시천로 114,전북특별자치도 전주시 덕진구 송천동2가 614-11,35.86916899,127.1156947
모도리상점,전북특별자치도 완주군 구이면 상하학길 106,전북특별자치도 완주군 구이면 원기리 950,35.731701,127.1096337
파리바게트,전북특별자치도 전주시 덕진구 솔내로 188,전북특별자치도 전주시 덕진구 송천동2가 282-6,35.86682148,127.1274582
세기EnF,전북특별자치도 전주시 완산구 서곡7길 20-3,전북특별자치도 전주시 완산구 효자동3가 1476-5,35.83217842,127.1009863
우리투어,전북특별자치도 전주시 완산구 거마평로 220,전북특별자치도 전주시 완산구 효자동1가 607-11,35.81176455,127.1144505
주한장,전북특별자치도 전주시 덕진구 명륜4길 11-7,전북특별자치도 전주시 덕진구 덕진동1가 1262-6,35.84323118,127.1257905
전주얼큰이샤브칼국수,전북특별자치도 전주시 덕진구 붓내3길 34,전북특별자치도 전주시 덕진구 송천동2가 233-1,35.86653404,127.1251139
진안고원한국관,전북특별자치도 진안군 진안읍 마이산로 150,전북특별자치도 진안군 진안읍 단양리 779,35.77383595,127.4168586
소머리국밥&국수,전북특별자치도 익산시 선화로59길 8-1,전북특별자치도 익산시 영등동 252-21,35.94660002,126.9699647
리브달,전북특별자치도 익산시 마한로 119,전북특별자치도 익산시 영등동 97,35.96532715,126.9771717
이마트24군산수송타운점,전북특별자치도 군산시 수송안11길 1,전북특별자치도 군산시 수송동 875-7,35.96004482,126.717203
도희,전북특별자치도 김제시 화동길 58,전북특별자치도 김제시 요촌동 119-3,35.79872511,126.8909267
커피플라워,전북특별자치도 완주군 봉동읍 완주산단9로 17,전북특별자치도 완주군 봉동읍 둔산리 899-1,35.96139942,127.1268735
자동차캐미컬용품판매점,전북특별자치도 정읍시 문학길 2,전북특별자치도 정읍시 연지동 252-36,35.56900521,126.8445698
빨간머리,전북특별자치도 군산시 미원로 25,전북특별자치도 군산시 삼학동 870-18,35.97654348,126.7084983
속옷마트,전북특별자치도 정읍시 남북로 34,전북특별자치도 정읍시 수성동 546-7,35.56823736,126.8509901
몬테밀라노,전북특별자치도 정읍시 새암길 51,전북특별자치도 정읍시 수성동 573-1,35.56703734,126.8536989
지에스25오식도대로점,전북특별자치도 군산시 가도로 193,전북특별자치도 군산시 오식도동 630-4,35.96349824,126.5668336
여행스케치,전북특별자치도 부안군 하서면 가락골길 66-18,전북특별자치도 부안군 하서면 백련리 230-14,35.70590858,126.6190406
폭포산장민박,전북특별자치도 남원시 산내면 지리산로 1236,전북특별자치도 남원시 산내면 내령리 431,35.39857609,127.5998101
아이언헬스클럽,전북특별자치도 전주시 완산구 용머리로 36,전북특별자치도 전주시 완산구 효자동1가 454-1,35.80550971,127.1144868
윤순영패션,전북특별자치도 익산시 익산대로16길 16,전북특별자치도 익산시 중앙동1가 56-2,35.94030896,126.9491547
인후자동차용품,전북특별자치도 전주시 덕진구 안덕원로 233,전북특별자치도 전주시 덕진구 인후동1가 769-1,35.83673373,127.1523494
남원용담골추어탕,전북특별자치도 군산시 수송로 315,전북특별자치도 군산시 미장동 519-5,35.96442893,126.7302914
더웨이브,전북특별자치도 전주시 완산구 세내로 520,전북특별자치도 전주시 완산구 효자동3가 1468-4,35.83288932,127.1020408
디아트&wk,전북특별자치도 전주시 덕진구 혁신로 370,전북특별자치도 전주시 덕진구 장동 123-1,35.84737934,127.0626999
효천이나리음악학원,전북특별자치도 전주시 완산구 효천중앙로 49,전북특별자치도 전주시 완산구 효자동2가 1377-4,35.79894861,127.1072355
부흥수입육,전북특별자치도 남원시 동헌길 18,전북특별자치도 남원시 하정동 139-4,35.40781132,127.3774043
베어리버,전북특별자치도 익산시 웅포면 강변로 130,전북특별자치도 익산시 웅포면 웅포리 172-9,36.06980695,126.8915184
시스템기획,전북특별자치도 익산시 익산대로70길 33,전북특별자치도 익산시 신동 762-25,35.96348488,126.9568521
더하임호텔,전북특별자치도 군산시 죽성로 45,전북특별자치도 군산시 신영동 3-14,35.98740858,126.7182129
노래하는다육이,전북특별자치도 전주시 완산구 춘향로 4936-116,전북특별자치도 전주시 완산구 색장동 722-2,35.78578893,127.1979784
라인뷰티,전북특별자치도 남원시 용성로 217,전북특별자치도 남원시 도통동 111-11,35.41697311,127.3958769
베뷰티&스파,전북특별자치도 군산시 양안로 119,전북특별자치도 군산시 조촌동 907-2,35.97303665,126.7432034
포인트마트,전북특별자치도 전주시 완산구 유연로 310,전북특별자치도 전주시 완산구 중화산동2가 729-7,35.82501385,127.1193611
샌프란시스코를걷다이다왁싱,전북특별자치도 전주시 완산구 중산1길 16-7,전북특별자치도 전주시 완산구 중화산동2가 636-12,35.81504868,127.1185859
명가교동짬뽕,전북특별자치도 익산시 무왕로 1183,전북특별자치도 익산시 부송동 710-5,35.95967928,126.9881751
순창팬션,전북특별자치도 순창군 팔덕면 강천산길 81,전북특별자치도 순창군 팔덕면 청계리 961-7,35.40853446,127.0693056
회신상회,전북특별자치도 남원시 의총로 51,전북특별자치도 남원시 금동 264-1,35.40461258,127.3758876
유경헤어,전북특별자치도 전주시 덕진구 솔내8길 23-9,전북특별자치도 전주시 덕진구 송천동1가 108-14,35.86174871,127.1239596
군산아구세상,전북특별자치도 군산시 대학로 368,전북특별자치도 군산시 나운동 855-13,35.96137367,126.6916956
군산헬스장,전북특별자치도 군산시 나운로 13,전북특별자치도 군산시 나운동 527-41,35.96951449,126.7043887
궁항리조트,전북특별자치도 부안군 변산면 궁항로 150-1,전북특별자치도 부안군 변산면 격포리 750,35.60422137,126.4702048
디자인스튜디오Heo,전북특별자치도 고창군 신림면 입전길 59-2,전북특별자치도 고창군 신림면 신평리 97-1,35.46906942,126.7387099
마중,전북특별자치도 부안군 진서면 내소사로 175-1,전북특별자치도 부안군 진서면 석포리 253-1,35.61135952,126.5883402
섬진강식당,전북특별자치도 익산시 인북로6길 8,전북특별자치도 익산시 인화동1가 185-2,35.93078635,126.9506328
자연사랑대패,전북특별자치도 남원시 금동로 3,전북특별자치도 남원시 조산동 16,35.39916516,127.3735627
엄마손꼬마김밥,전북특별자치도 익산시 동서로43길 30,전북특별자치도 익산시 영등동 690-3,35.95358273,126.9760262
이마트군산,전북특별자치도 군산시 구암31로 137,전북특별자치도 군산시 경암동 579-1,35.98315126,126.7340167
홈플러스전북전주점더페이스샵,전북특별자치도 전주시 덕진구 백제대로 771,전북특별자치도 전주시 덕진구 우아동3가 733-1,35.84750834,127.1529101
명품사우나,전북특별자치도 남원시 금동로 15-8,전북특별자치도 남원시 금동 312-2,35.40006017,127.3723337
홀드핀칭전주점앤네일제작소,전북특별자치도 전주시 완산구 온고을로 66,전북특별자치도 전주시 완산구 서신동 962-3,35.83421537,127.1155625
다정한약국,전북특별자치도 전주시 완산구 용머리로 31,전북특별자치도 전주시 완산구 효자동1가 431-5,35.80657163,127.1142648
국수먹는날,전북특별자치도 남원시 시청로 23-1,전북특별자치도 남원시 도통동 403-1,35.41293223,127.391756
온다Onda,전북특별자치도 전주시 완산구 문학대4길 28-5,전북특별자치도 전주시 완산구 효자동3가 1618-14,35.82626903,127.1050372
선식당전주점,전북특별자치도 전주시 덕진구 기지로 77,전북특별자치도 전주시 덕진구 장동 1111,35.83879943,127.0593031
고여사네맛집,전북특별자치도 익산시 인북로11길 27,전북특별자치도 익산시 남중동 35-9,35.95123483,126.9566584
진리팬션민박,전북특별자치도 부안군 위도면 진리안길 35,전북특별자치도 부안군 위도면 진리 134,35.60306474,126.2915841
보건의료기,전북특별자치도 전주시 완산구 산월1길 20,전북특별자치도 전주시 완산구 중화산동2가 530-2,35.81297571,127.1210542
행복거래소,전북특별자치도 익산시 금마면 미륵사지로1길 42,전북특별자치도 익산시 금마면 동고도리 816-5,35.98937143,127.0538369
이가주도,전북특별자치도 전주시 덕진구 오공로 33-4,전북특별자치도 전주시 덕진구 중동 776-6,35.83650175,127.0593855
다모아유통,전북특별자치도 익산시 중앙로 12-18,전북특별자치도 익산시 중앙동1가 39-2,35.93935157,126.9478929
주주파티,전북특별자치도 전주시 완산구 신봉로 51,전북특별자치도 전주시 완산구 효자동1가 635-2,35.80981794,127.1218525
오휘카운셀러,전북특별자치도 익산시 선화로1길 4,전북특별자치도 익산시 모현동1가 865,35.95024235,126.9380386
창의융합교실,전북특별자치도 김제시 요촌길 141,전북특별자치도 김제시 요촌동 584-6,35.80519241,126.8904938
전주혁신리게인,전북특별자치도 전주시 덕진구 기지로 78,전북특별자치도 전주시 덕진구 중동 775-1,35.83808841,127.0605844
무인편의점김제점,전북특별자치도 김제시 요촌동길 33,전북특별자치도 김제시 요촌동 602-6,35.80532986,126.894652
백제당,전북특별자치도 익산시 무왕로 956,전북특별자치도 익산시 신동 770-2,35.96152866,126.9640837
수상한참치.회,전북특별자치도 익산시 하나로9길 26-1,전북특별자치도 익산시 어양동 639-2,35.95803284,126.9789396
시티스포츠클럽,전북특별자치도 군산시 나운로 13,전북특별자치도 군산시 나운동 527-41,35.96951449,126.7043887
미니룸,전북특별자치도 전주시 완산구 당산로 112,전북특별자치도 전주시 완산구 서신동 784,35.83198128,127.1206344
현대장여관목욕탕,전북특별자치도 완주군 고산면 읍내2길 5,전북특별자치도 완주군 고산면 읍내리 580-6,35.97441883,127.2067414
산머루유통,전북특별자치도 무주군 무주읍 괴목로 1313,전북특별자치도 무주군 무주읍 당산리 302,36.00349108,127.6832967
아로니안,전북특별자치도 김제시 죽산면 대창2길 38,전북특별자치도 김제시 죽산면 대창리 568-13,35.785623,126.7866781
오빌,전북특별자치도 전주시 덕진구 기지로 78,전북특별자치도 전주시 덕진구 중동 775-1,35.83808841,127.0605844
이지공인중개사사무소,전북특별자치도 전주시 덕진구 가련산로 18,전북특별자치도 전주시 덕진구 덕진동2가 694-3,35.84117677,127.1111239
대가꽃게장,전북특별자치도 군산시 개정면 금강로 466,전북특별자치도 군산시 개정면 아동리 606-6,35.98201304,126.7719137
이마트24R군산소룡대로점,전북특별자치도 군산시 공단대로 686,전북특별자치도 군산시 소룡동 722,35.97753049,126.6742205
김인숙헤어,전북특별자치도 전주시 덕진구 석소5길 27,전북특별자치도 전주시 덕진구 우아동2가 886-2,35.83411058,127.1716918
인후동전자담배,전북특별자치도 전주시 덕진구 아중로 189,전북특별자치도 전주시 덕진구 인후동1가 924-10,35.82771722,127.1699432
이브자리코디센슬립앤슬립전주,전북특별자치도 전주시 완산구 효자로 161,전북특별자치도 전주시 완산구 효자동3가 1693-5,35.81940977,127.10258
우산각,전북특별자치도 익산시 익산대로 138,전북특별자치도 익산시 중앙동2가 13,35.93852217,126.9468399
스마트약국,전북특별자치도 전주시 완산구 당산로 48,전북특별자치도 전주시 완산구 서신동 796-2,35.83199209,127.1135175
미애향연,전북특별자치도 정읍시 초산로 109-1,전북특별자치도 정읍시 수성동 621-7,35.56852967,126.8561376
까르보네,전북특별자치도 익산시 익산대로 460,전북특별자치도 익산시 신동 272,35.97170685,126.9602364
와이에이피,전북특별자치도 익산시 무왕로 1590,전북특별자치도 익산시 덕기동 681-44,35.97097222,127.0296309
웰스트림크레용포레,전북특별자치도 군산시 궁포1로 48,전북특별자치도 군산시 조촌동 2-41,35.97692698,126.7429088
